PMID,build coord,gene,variant,chromosome,position,reference ,alternate
2338815,NA,NA,NA,NA,NA,NA,NA
24076290,GRCh37,CALM1,p.F90L,14,90870295,T,C
26969752,GRCh37,CALM1,p.E141G,14,90871033,A,G
26969752,GRCh37,CALM1,p.F142L,14,90871037,C,G
26969752,GRCh37,CALM2,p.D96V,2,47388995,A,T
26969752,GRCh37,CALM2,p.D130G,2,47388893,A,G
26969752,GRCh37,CALM2,p.D130V,2,47388893,A,T
27374306,GRCh37,CALM1,p.D132V,14,90870832,A ,T
27374306,GRCh37,CALM2,p.D132H,2,47388889,C,G
24917665,GRCh37,CALM2,p.N98S,2,47388990,T,C
24917665,GRCh37,CALM2,p.N98I,2,47388990,T,A
24917665,GRCh37,CALM2,p.D132E,2,47388887,A,T
24917665,GRCh37,CALM2,p.D132E,2,47388887,A,C
24917665,GRCh37,CALM2,p.D134H,2,47388883,C,G
24917665,GRCh37,CALM2,p.Q136P,2,47388876,T,G
28491681,GRCh37,CALM3,p.D96H,19,47112103,G,C
28491681,GRCh37,CALM3,p.F142L,19,47112384,T,C
25460178,GRCh37,CALM3,p.D130G,19,47112206,A,G
