mut_id,gene_symbol,mut_coding,mut_protein,mut_exac_count,mut_effect,mut_exac_frequency,mut_chromosome,mut_chr_start_source
49412,ACTC1,c.1085A>C,p.Q362P,1,missense,0.00000824,15,35082662
121192,ACTC1,c.19A>T,p.T7S,2,missense,0.00001676,15,35086991
121183,ACTC1,c.688G>T,p.A230S,1,missense,0.00000824,15,35084411
21517,ACTC1,c.536G>T,p.R179L,1,missense,0.00000824,15,35084689
121190,ACTC1,c.106A>G,p.I36V,1,missense,0.00000871,15,35086904
121181,ACTC1,c.847A>G,p.S283G,1,missense,0.00000824,15,35083458
2374,ACTC1,c.289C>T,p.R97C,1,missense,0.00000824,15,35085611
121188,ACTC1,c.229A>G,p.I77V,3,missense,0.00002471,15,35085671
121179,ACTC1,c.967G>A,p.A323T,2,missense,0.00001715,15,35083338
2362,ACTC1,c.301G>A,p.E101K,1,missense,0.00000824,15,35085599
121186,ACTC1,c.281A>G,p.N94S,1,missense,0.00000824,15,35085619
121177,ACTC1,c.1010G>A,p.R337H,1,missense,0.00000824,15,35082737
121193,ACTC1,c.2T>C,p.Met1?,1,missense,0.00000839,15,35087008
121184,ACTC1,c.678G>T,p.E226D,1,missense,0.00000824,15,35084421
40623,ACTC1,c.28C>A,p.L10M,3,missense,0.00002517,15,35086982
121191,ACTC1,c.23C>G,p.T8S,2,missense,0.00001676,15,35086987
121182,ACTC1,c.713T>C,p.L238P,1,missense,0.00000824,15,35084386
12871,ACTC1,c.623G>A,p.R208H,5,missense,0.00004119,15,35084476
121189,ACTC1,c.217A>G,p.I73V,2,missense,0.00001648,15,35085683
121180,ACTC1,c.903A>C,p.L301F,1,missense,0.00000824,15,35083402
2373,ACTC1,c.268C>T,p.H90Y,1,missense,0.00000824,15,35085632
121187,ACTC1,c.260T>G,p.I87S,1,missense,0.00000824,15,35085640
121178,ACTC1,c.994A>G,p.I332V,2,missense,0.00001654,15,35082753
121185,ACTC1,c.614C>G,p.T205S,1,missense,0.00000824,15,35084611
8652,MYBPC3,c.1591G>A,p.G531R,2,missense,0.00001732,11,47364162
119829,MYBPC3,c.1101G>T,p.K367N,1,missense,0.00000955,11,47365165
119737,MYBPC3,c.2482G>C,p.E828Q,1,missense,0.00000829,11,47359062
4259,MYBPC3,c.2873C>T,p.T958I,7,missense,0.00006506,11,47356625
78998,MYBPC3,c.2822T>C,p.L941P,1,missense,0.00000848,11,47356676
4186,MYBPC3,c.1484G>A,p.R495Q,1,missense,0.00000829,11,47364269
119897,MYBPC3,c.3G>A,p.Met1?,1,missense,0.00000838,11,47374196
119787,MYBPC3,c.1678G>C,p.D560H,1,missense,0.00000852,11,47363654
119695,MYBPC3,c.3031G>A,p.G1011R,1,missense,0.00000873,11,47355267
119871,MYBPC3,c.446C>A,p.A149D,1,missense,0.00004162,11,47371624
49346,MYBPC3,c.3107G>A,p.R1036H,7,missense,0.00005813,11,47355191
119761,MYBPC3,c.2134G>T,p.V712L,2,missense,0.00001656,11,47360889
119668,MYBPC3,c.3284C>T,p.T1095M,3,missense,0.00005818,11,47354791
119643,MYBPC3,c.3767C>T,p.T1256I,1,missense,0.00000834,11,47353670
4234,MYBPC3,c.2429G>A,p.R810H,4,missense,0.00003319,11,47359115
119804,MYBPC3,c.1469G>A,p.G490E,1,missense,0.00000830,11,47364284
119711,MYBPC3,c.2723A>G,p.Y908C,1,missense,0.00006277,11,47357442
119888,MYBPC3,c.94G>C,p.E32Q,1,missense,0.00001117,11,47372988
49380,MYBPC3,c.598A>G,p.S200G,4,missense,0.00003600,11,47371381
119778,MYBPC3,c.1867T>A,p.C623S,1,missense,0.00001835,11,47362719
119686,MYBPC3,c.3113T>A,p.V1038E,2,missense,0.00001660,11,47355185
49333,MYBPC3,c.3470C>T,p.P1157L,7,missense,0.00009378,11,47354385
119845,MYBPC3,c.916C>T,p.R306W,1,missense,0.00000925,11,47368188
119820,MYBPC3,c.1256G>C,p.R419P,1,missense,0.00000959,11,47364667
119728,MYBPC3,c.2557G>A,p.G853S,1,missense,0.00000853,11,47358987
62819,MYBPC3,c.442G>A,p.G148R,1,missense,0.00004201,11,47371628
119794,MYBPC3,c.1589G>A,p.S530N,1,missense,0.00000854,11,47364164
119702,MYBPC3,c.2894A>G,p.Q965R,1,missense,0.00001016,11,47356604
4152,MYBPC3,c.772G>A,p.E258K,3,missense,0.00003903,11,47369975
49364,MYBPC3,c.1601C>T,p.A534V,5,missense,0.00004571,11,47364152
119862,MYBPC3,c.573G>T,p.W191C,1,missense,0.00000923,11,47371406
119752,MYBPC3,c.2198G>T,p.R733L,3,missense,0.00002553,11,47360181
119659,MYBPC3,c.3452C>T,p.A1151V,6,missense,0.00007889,11,47354403
119836,MYBPC3,c.1021G>A,p.G341S,3,missense,0.00002584,11,47367827
119744,MYBPC3,c.2345A>G,p.N782S,1,missense,0.00004741,11,47359309
4284,MYBPC3,c.3373G>A,p.V1125M,2,missense,0.00002276,11,47354482
79010,MYBPC3,c.104G>A,p.R35Q,7,missense,0.00007909,11,47372978
119811,MYBPC3,c.1375C>T,p.P459S,1,missense,0.00000882,11,47364463
119719,MYBPC3,c.2624A>T,p.H875L,1,missense,0.00001586,11,47357541
4212,MYBPC3,c.2002C>T,p.R668C,2,missense,0.00001680,11,47361267
49390,MYBPC3,c.74G>A,p.S25N,5,missense,0.00005715,11,47373008
119879,MYBPC3,c.166G>A,p.G56S,1,missense,0.00001500,11,47372916
119768,MYBPC3,c.1999C>A,p.L667I,1,missense,0.00000836,11,47361270
119677,MYBPC3,c.3175G>C,p.V1059L,1,missense,0.00000835,11,47355123
119852,MYBPC3,c.745T>C,p.C249R,1,missense,0.00001003,11,47370002
15428,MYBPC3,c.2539T>C,p.Y847H,1,missense,0.00000834,11,47359005
119650,MYBPC3,c.3613C>T,p.R1205W,2,missense,0.00001673,11,47354131
4254,MYBPC3,c.2783C>T,p.S928L,1,missense,0.00000840,11,47356715
4178,MYBPC3,c.1373G>A,p.R458H,5,missense,0.00004424,11,47364465
119895,MYBPC3,c.41A>G,p.K14R,1,missense,0.00001212,11,47373041
119785,MYBPC3,c.1720C>T,p.R574W,5,missense,0.00005411,11,47363612
119693,MYBPC3,c.3064C>T,p.R1022C,1,missense,0.00000840,11,47355234
119869,MYBPC3,c.503T>C,p.V168A,2,missense,0.00008420,11,47371567
49342,MYBPC3,c.3217C>T,p.R1073W,2,missense,0.00004906,11,47354858
119759,MYBPC3,c.2161A>T,p.T721S,1,missense,0.00000983,11,47360218
119666,MYBPC3,c.3323A>C,p.K1108T,3,missense,0.00004531,11,47354752
8647,MYBPC3,c.1153G>A,p.V385M,1,missense,0.00001011,11,47365113
119827,MYBPC3,c.1123G>A,p.V375M,1,missense,0.00000939,11,47365143
119735,MYBPC3,c.2491C>T,p.H831Y,1,missense,0.00000829,11,47359053
78995,MYBPC3,c.3442A>C,p.S1148R,1,missense,0.00001286,11,47354413
119886,MYBPC3,c.117G>T,p.K39N,1,missense,0.00001148,11,47372965
49376,MYBPC3,c.799C>G,p.L267V,2,missense,0.00008028,11,47369430
119776,MYBPC3,c.1889A>T,p.H630L,2,missense,0.00003963,11,47362697
119684,MYBPC3,c.3127T>C,p.Y1043H,1,missense,0.00000830,11,47355171
49329,MYBPC3,c.3787C>T,p.R1263W,4,missense,0.00003362,11,47353650
119843,MYBPC3,c.960C>G,p.D320E,1,missense,0.00001278,11,47367888
119641,MYBPC3,c.3781G>A,p.E1261K,2,missense,0.00001676,11,47353656
119818,MYBPC3,c.1291G>A,p.D431N,3,missense,0.00002811,11,47364632
119726,MYBPC3,c.2562G>A,p.M854I,4,missense,0.00003438,11,47358982
4229,MYBPC3,c.2308G>A,p.D770N,1,missense,0.00000830,11,47360071
61164,MYBPC3,c.956A>C,p.E319A,6,missense,0.00007891,11,47367892
119802,MYBPC3,c.1472T>G,p.V491G,2,missense,0.00001660,11,47364281
119709,MYBPC3,c.2800C>G,p.L934V,1,missense,0.00000840,11,47356698
119860,MYBPC3,c.634A>G,p.S212G,1,missense,0.00000903,11,47371345
119750,MYBPC3,c.2242G>A,p.V748I,3,missense,0.00002490,11,47360137
119657,MYBPC3,c.3457A>T,p.T1153S,1,missense,0.00001315,11,47354398
119834,MYBPC3,c.1072G>A,p.D358N,1,missense,0.00000835,11,47367776
119742,MYBPC3,c.2426A>G,p.E809G,1,missense,0.00000830,11,47359118
4274,MYBPC3,c.3137C>T,p.T1046M,7,missense,0.00005814,11,47355161
79008,MYBPC3,c.151G>A,p.A51T,1,missense,0.00001332,11,47372931
4198,MYBPC3,c.1664T>C,p.M555T,3,missense,0.00002529,11,47363668
119792,MYBPC3,c.1599G>C,p.Q533H,1,missense,0.00000900,11,47364154
119700,MYBPC3,c.2915G>A,p.R972Q,2,missense,0.00006566,11,47355552
4140,MYBPC3,c.655G>T,p.V219F,1,missense,0.00001064,11,47370092
49361,MYBPC3,c.1820C>T,p.T607I,1,missense,0.00002017,11,47362766
119766,MYBPC3,c.2033C>A,p.A678D,2,missense,0.00002214,11,47361236
119675,MYBPC3,c.3229G>T,p.A1077S,1,missense,0.00002307,11,47354846
119850,MYBPC3,c.805T>C,p.S269P,1,missense,0.00004076,11,47369424
24305,MYBPC3,c.3286G>A,p.E1096K,2,missense,0.00003820,11,47354789
119648,MYBPC3,c.3620G>T,p.S1207I,1,missense,0.00000840,11,47354124
4246,MYBPC3,c.2552C>T,p.A851V,8,missense,0.00006771,11,47358992
119809,MYBPC3,c.1405C>G,p.Q469E,1,missense,0.00000863,11,47364433
119717,MYBPC3,c.2668T>G,p.W890G,1,missense,0.00002842,11,47357497
119893,MYBPC3,c.49C>T,p.R17W,2,missense,0.00002399,11,47373033
49387,MYBPC3,c.131G>A,p.R44H,3,missense,0.00003633,11,47372951
119877,MYBPC3,c.238G>A,p.A80T,1,missense,0.00003389,11,47372844
8640,MYBPC3,c.251G>A,p.G84D,1,missense,0.00003832,11,47372831
119825,MYBPC3,c.1145G>A,p.R382Q,1,missense,0.00000975,11,47365121
119733,MYBPC3,c.2503C>T,p.R835C,3,missense,0.00002487,11,47359041
74258,MYBPC3,c.481C>A,p.P161T,1,missense,0.00004148,11,47371589
119800,MYBPC3,c.1493C>A,p.T498N,1,missense,0.00000829,11,47364260
119707,MYBPC3,c.2840A>G,p.H947R,1,missense,0.00000864,11,47356658
4172,MYBPC3,c.1147C>G,p.L383V,9,missense,0.00008857,11,47365119
49369,MYBPC3,c.1294G>A,p.A432T,4,missense,0.00003756,11,47364629
119783,MYBPC3,c.1773G>T,p.K591N,1,missense,0.00003300,11,47363559
119691,MYBPC3,c.3072C>A,p.S1024R,3,missense,0.00002509,11,47355226
119867,MYBPC3,c.527C>G,p.A176G,1,missense,0.00001044,11,47371452
49339,MYBPC3,c.3358C>T,p.R1120C,3,missense,0.00003386,11,47354497
119757,MYBPC3,c.2164G>A,p.E722K,3,missense,0.00002917,11,47360215
119664,MYBPC3,c.3361C>T,p.R1121C,2,missense,0.00002264,11,47354494
119841,MYBPC3,c.970A>T,p.I324F,1,missense,0.00001153,11,47367878
119639,MYBPC3,c.3791G>A,p.C1264Y,1,missense,0.00000842,11,47353646
119816,MYBPC3,c.1316G>A,p.G439D,2,missense,0.00001808,11,47364607
119724,MYBPC3,c.2570C>T,p.P857L,1,missense,0.00000870,11,47358974
4223,MYBPC3,c.2198G>A,p.R733H,4,missense,0.00003404,11,47360181
61132,MYBPC3,c.2828G>A,p.R943Q,3,missense,0.00002554,11,47356670
4133,MYBPC3,c.557C>T,p.P186L,5,missense,0.00004764,11,47371422
119884,MYBPC3,c.122G>A,p.R41H,3,missense,0.00003504,11,47372960
119773,MYBPC3,c.1938G>C,p.K646N,2,missense,0.00001660,11,47361331
119682,MYBPC3,c.3143G>A,p.R1048H,2,missense,0.00001662,11,47355155
21502,MYBPC3,c.1789C>T,p.R597W,1,missense,0.00003821,11,47363543
79002,MYBPC3,c.1112C>T,p.P371L,3,missense,0.00002829,11,47365154
4196,MYBPC3,c.1624G>C,p.E542Q,2,missense,0.00002485,11,47364129
119790,MYBPC3,c.1623G>C,p.Q541H,1,missense,0.00001221,11,47364130
119698,MYBPC3,c.2962G>A,p.G988R,1,missense,0.00003264,11,47355505
119874,MYBPC3,c.364G>A,p.A122T,1,missense,0.00003700,11,47372095
49356,MYBPC3,c.2518G>A,p.V840M,2,missense,0.00001660,11,47359026
119858,MYBPC3,c.644G>A,p.R215H,2,missense,0.00001822,11,47371335
119748,MYBPC3,c.2275G>A,p.E759K,3,missense,0.00002487,11,47360104
119655,MYBPC3,c.3512A>G,p.N1171S,2,missense,0.00002141,11,47354232
119832,MYBPC3,c.1084A>G,p.S362G,1,missense,0.00000836,11,47367764
119740,MYBPC3,c.2450G>A,p.R817Q,2,missense,0.00001657,11,47359094
4269,MYBPC3,c.3049G>A,p.E1017K,10,missense,0.00008516,11,47355249
119807,MYBPC3,c.1433C>T,p.S478L,2,missense,0.00001702,11,47364405
119715,MYBPC3,c.2672G>A,p.R891Q,3,missense,0.00009653,11,47357493
119891,MYBPC3,c.67G>A,p.A23T,2,missense,0.00002310,11,47373015
49385,MYBPC3,c.187C>T,p.R63W,4,missense,0.00007739,11,47372895
119781,MYBPC3,c.1809T>G,p.I603M,2,missense,0.00004267,11,47362777
119689,MYBPC3,c.3109C>G,p.R1037G,1,missense,0.00000830,11,47355189
49336,MYBPC3,c.3415G>A,p.V1139I,7,missense,0.00008754,11,47354440
119764,MYBPC3,c.2056G>A,p.A686T,1,missense,0.00001637,11,47361213
119672,MYBPC3,c.3242A>C,p.N1081T,1,missense,0.00002220,11,47354833
119848,MYBPC3,c.821C>T,p.T274M,2,missense,0.00008578,11,47369408
8660,MYBPC3,c.2618C>T,p.P873L,2,missense,0.00003119,11,47357547
119646,MYBPC3,c.3670G>A,p.D1224N,1,missense,0.00000829,11,47353767
4241,MYBPC3,c.2500C>T,p.R834W,2,missense,0.00001658,11,47359044
119705,MYBPC3,c.2876C>T,p.T959M,1,missense,0.00000939,11,47356622
4159,MYBPC3,c.842G>A,p.R281Q,2,missense,0.00006987,11,47369211
49367,MYBPC3,c.1445C>T,p.A482V,5,missense,0.00004233,11,47364393
119865,MYBPC3,c.541G>A,p.A181T,2,missense,0.00001981,11,47371438
119755,MYBPC3,c.2179G>A,p.V727M,4,missense,0.00003605,11,47360200
119662,MYBPC3,c.3373G>T,p.V1125L,1,missense,0.00001138,11,47354482
4299,MYBPC3,c.3742G>A,p.G1248R,4,missense,0.00003324,11,47353695
119823,MYBPC3,c.1180G>A,p.V394I,1,missense,0.00001298,11,47365086
119731,MYBPC3,c.2536G>A,p.V846I,1,missense,0.00000833,11,47359008
69885,MYBPC3,c.3715G>A,p.E1239K,2,missense,0.00001659,11,47353722
119797,MYBPC3,c.1540A>G,p.I514V,1,missense,0.00000829,11,47364213
119882,MYBPC3,c.145A>T,p.I49F,2,missense,0.00002551,11,47372937
119771,MYBPC3,c.1955C>G,p.P652R,1,missense,0.00000829,11,47361314
119680,MYBPC3,c.3152A>G,p.N1051S,1,missense,0.00000832,11,47355146
119855,MYBPC3,c.684T>G,p.D228E,8,missense,0.00007543,11,47370063
21497,MYBPC3,c.2771C>T,p.T924I,11,missense,0.00009262,11,47356727
119839,MYBPC3,c.1003C>T,p.R335C,2,missense,0.00001848,11,47367845
119637,MYBPC3,c.3800G>A,p.R1267H,5,missense,0.00004239,11,47353637
119814,MYBPC3,c.1358C>T,p.P453L,1,missense,0.00000895,11,47364480
119722,MYBPC3,c.2599A>G,p.I867V,1,missense,0.00000913,11,47358945
4221,MYBPC3,c.2176C>T,p.R726C,4,missense,0.00003633,11,47360203
60433,MYBPC3,c.2833C>T,p.R945W,1,missense,0.00000857,11,47356665
4131,MYBPC3,c.529C>T,p.R177C,6,missense,0.00006270,11,47371450
49347,MYBPC3,c.3052G>C,p.E1018Q,2,missense,0.00001699,11,47355246
119762,MYBPC3,c.2119G>A,p.D707N,2,missense,0.00001656,11,47360904
119669,MYBPC3,c.3277G>T,p.G1093C,1,missense,0.00002053,11,47354798
8655,MYBPC3,c.1960C>T,p.R654C,1,missense,0.00000829,11,47361309
119746,MYBPC3,c.2300A>G,p.K767R,2,missense,0.00001659,11,47360079
119653,MYBPC3,c.3568C>T,p.R1190C,1,missense,0.00000841,11,47354176
119830,MYBPC3,c.1100A>G,p.K367R,1,missense,0.00000956,11,47365166
119738,MYBPC3,c.2470G>A,p.D824N,1,missense,0.00000829,11,47359074
4260,MYBPC3,c.2882C>T,p.P961L,5,missense,0.00004813,11,47356616
78999,MYBPC3,c.2512G>C,p.E838Q,3,missense,0.00002489,11,47359032
4189,MYBPC3,c.1504C>T,p.R502W,3,missense,0.00002486,11,47364249
119788,MYBPC3,c.1672G>A,p.A558T,1,missense,0.00000848,11,47363660
119696,MYBPC3,c.3017C>A,p.T1006N,1,missense,0.00000891,11,47355281
119872,MYBPC3,c.437C>T,p.T146I,2,missense,0.00008443,11,47371633
119846,MYBPC3,c.886A>G,p.S296G,1,missense,0.00002340,11,47368996
119644,MYBPC3,c.3750C>G,p.I1250M,2,missense,0.00001663,11,47353687
4237,MYBPC3,c.2459G>A,p.R820Q,2,missense,0.00001657,11,47359085
119805,MYBPC3,c.1459C>A,p.L487M,1,missense,0.00000831,11,47364294
119713,MYBPC3,c.2702T>C,p.L901P,1,missense,0.00005258,11,47357463
119889,MYBPC3,c.88G>A,p.E30K,1,missense,0.00001113,11,47372994
49381,MYBPC3,c.553A>C,p.K185Q,2,missense,0.00001904,11,47371426
119779,MYBPC3,c.1826C>T,p.A609V,2,missense,0.00003924,11,47362760
119687,MYBPC3,c.3110G>A,p.R1037H,1,missense,0.00000830,11,47355188
49334,MYBPC3,c.3463A>G,p.K1155E,1,missense,0.00001323,11,47354392
119660,MYBPC3,c.3449G>A,p.R1150K,1,missense,0.00001298,11,47354406
119837,MYBPC3,c.1009G>A,p.A337T,1,missense,0.00000899,11,47367839
119745,MYBPC3,c.2339T>G,p.I780S,1,missense,0.00004860,11,47359315
4290,MYBPC3,c.3569G>A,p.R1190H,7,missense,0.00005870,11,47354175
119821,MYBPC3,c.1255C>T,p.R419C,1,missense,0.00000959,11,47364668
119729,MYBPC3,c.2557G>T,p.G853C,1,missense,0.00000853,11,47358987
62821,MYBPC3,c.994G>A,p.E332K,1,missense,0.00000970,11,47367854
119795,MYBPC3,c.1580T>C,p.L527P,1,missense,0.00000839,11,47364173
119703,MYBPC3,c.2891T>C,p.V964A,1,missense,0.00001001,11,47356607
4155,MYBPC3,c.814C>T,p.R272C,2,missense,0.00008379,11,47369415
49365,MYBPC3,c.1565C>T,p.A522V,3,missense,0.00002494,11,47364188
119863,MYBPC3,c.568A>G,p.K190E,1,missense,0.00000928,11,47371411
119753,MYBPC3,c.2189C>T,p.T730I,1,missense,0.00000866,11,47360190
4255,MYBPC3,c.2807C>T,p.T936M,7,missense,0.00005891,11,47356691
79011,MYBPC3,c.91G>A,p.A31T,1,missense,0.00001112,11,47372991
119812,MYBPC3,c.1363C>T,p.L455F,4,missense,0.00003567,11,47364475
119720,MYBPC3,c.2621C>T,p.T874I,2,missense,0.00003120,11,47357544
4217,MYBPC3,c.2063C>A,p.T688K,1,missense,0.00001872,11,47361206
60436,MYBPC3,c.206G>A,p.R69Q,1,missense,0.00002494,11,47372876
4116,MYBPC3,c.103C>T,p.R35W,5,missense,0.00005626,11,47372979
119880,MYBPC3,c.152C>T,p.A51V,1,missense,0.00001337,11,47372930
119769,MYBPC3,c.1978G>T,p.V660L,1,missense,0.00000830,11,47361291
119678,MYBPC3,c.3170C>T,p.T1057M,1,missense,0.00000834,11,47355128
119853,MYBPC3,c.712C>T,p.R238C,1,missense,0.00000925,11,47370035
17297,MYBPC3,c.2210C>T,p.T737M,6,missense,0.00005037,11,47360169
119651,MYBPC3,c.3581C>T,p.A1194V,10,missense,0.00008342,11,47354163
119736,MYBPC3,c.2489G>A,p.S830N,1,missense,0.00000829,11,47359055
78996,MYBPC3,c.3103G>A,p.A1035T,8,missense,0.00006646,11,47355195
4180,MYBPC3,c.1409G>A,p.R470Q,1,missense,0.00000862,11,47364429
119896,MYBPC3,c.11C>T,p.P4L,4,missense,0.00003343,11,47374188
119786,MYBPC3,c.1685C>T,p.A562V,1,missense,0.00000860,11,47363647
119694,MYBPC3,c.3043G>A,p.A1015T,1,missense,0.00000859,11,47355255
119870,MYBPC3,c.451G>A,p.D151N,1,missense,0.00004106,11,47371619
49345,MYBPC3,c.3112G>A,p.V1038M,2,missense,0.00001660,11,47355186
119760,MYBPC3,c.2135T>C,p.V712A,1,missense,0.00000828,11,47360888
119667,MYBPC3,c.3299A>T,p.Y1100F,1,missense,0.00001566,11,47354776
8651,MYBPC3,c.1309G>A,p.V437M,1,missense,0.00000911,11,47364614
119828,MYBPC3,c.1120C>A,p.Q374K,1,missense,0.00000938,11,47365146
119803,MYBPC3,c.1471G>A,p.V491M,7,missense,0.00005813,11,47364282
119710,MYBPC3,c.2765G>A,p.G922E,3,missense,0.00002534,11,47356733
119887,MYBPC3,c.94G>A,p.E32K,7,missense,0.00007818,11,47372988
49377,MYBPC3,c.752A>T,p.N251I,5,missense,0.00005201,11,47369995
119777,MYBPC3,c.1871A>G,p.N624S,2,missense,0.00003716,11,47362715
119685,MYBPC3,c.3122G>A,p.G1041D,1,missense,0.00000830,11,47355176
49330,MYBPC3,c.3668A>G,p.E1223G,1,missense,0.00000829,11,47353769
119844,MYBPC3,c.949G>A,p.A317T,1,missense,0.00001421,11,47367899
119642,MYBPC3,c.3777G>C,p.Q1259H,1,missense,0.00000836,11,47353660
119819,MYBPC3,c.1256G>A,p.R419H,2,missense,0.00001918,11,47364667
119727,MYBPC3,c.2560A>T,p.M854L,1,missense,0.00000856,11,47358984
4230,MYBPC3,c.2311G>A,p.V771M,1,missense,0.00005661,11,47359343
62810,MYBPC3,c.2543C>T,p.A848V,1,missense,0.00000836,11,47359001
119793,MYBPC3,c.1595G>A,p.G532D,1,missense,0.00000882,11,47364158
119701,MYBPC3,c.2908C>T,p.R970W,2,missense,0.00006633,11,47355559
4142,MYBPC3,c.682G>A,p.D228N,6,missense,0.00005694,11,47370065
49362,MYBPC3,c.1816G>A,p.V606I,3,missense,0.00006166,11,47362770
119861,MYBPC3,c.631G>A,p.D211N,1,missense,0.00000903,11,47371348
119751,MYBPC3,c.2200A>G,p.S734G,3,missense,0.00002548,11,47360179
119658,MYBPC3,c.3454G>T,p.A1152S,1,missense,0.00001318,11,47354401
119835,MYBPC3,c.1039G>A,p.G347S,2,missense,0.00001688,11,47367809
119743,MYBPC3,c.2398G>A,p.G800R,2,missense,0.00005353,11,47359256
4275,MYBPC3,c.3142C>T,p.R1048C,2,missense,0.00001662,11,47355156
79009,MYBPC3,c.130C>T,p.R44C,2,missense,0.00002413,11,47372952
4208,MYBPC3,c.1828G>C,p.D610H,3,missense,0.00005827,11,47362758
119878,MYBPC3,c.194C>T,p.T65M,2,missense,0.00004280,11,47372888
119767,MYBPC3,c.2018T>C,p.I673T,1,missense,0.00000909,11,47361251
119676,MYBPC3,c.3223A>G,p.T1075A,2,missense,0.00004691,11,47354852
119851,MYBPC3,c.746G>A,p.C249Y,1,missense,0.00001009,11,47370001
12854,MYBPC3,c.1319G>A,p.G440D,1,missense,0.00000902,11,47364604
119649,MYBPC3,c.3614G>A,p.R1205Q,2,missense,0.00001674,11,47354130
4249,MYBPC3,c.2654C>T,p.T885M,1,missense,0.00002217,11,47357511
119810,MYBPC3,c.1397T>A,p.M466K,1,missense,0.00000867,11,47364441
119718,MYBPC3,c.2641G>A,p.V881I,1,missense,0.00001863,11,47357524
49389,MYBPC3,c.107C>A,p.A36E,3,missense,0.00003394,11,47372975
119692,MYBPC3,c.3067A>G,p.N1023D,1,missense,0.00000838,11,47355231
119868,MYBPC3,c.527C>T,p.A176V,1,missense,0.00001044,11,47371452
49340,MYBPC3,c.3346T>G,p.L1116V,1,missense,0.00001136,11,47354509
119758,MYBPC3,c.2164G>C,p.E722Q,1,missense,0.00000972,11,47360215
119665,MYBPC3,c.3324G>C,p.K1108N,1,missense,0.00001512,11,47354751
8643,MYBPC3,c.713G>A,p.R238H,8,missense,0.00007431,11,47370034
119826,MYBPC3,c.1133G>C,p.G378A,1,missense,0.00000950,11,47365133
119734,MYBPC3,c.2503C>A,p.R835S,1,missense,0.00000829,11,47359041
78993,MYBPC3,c.3683G>A,p.R1228H,2,missense,0.00001659,11,47353754
119801,MYBPC3,c.1487A>G,p.E496G,1,missense,0.00000829,11,47364266
119708,MYBPC3,c.2812G>T,p.A938S,1,missense,0.00000843,11,47356686
4173,MYBPC3,c.1246G>A,p.G416S,3,missense,0.00002898,11,47364677
119894,MYBPC3,c.46C>T,p.P16S,2,missense,0.00002408,11,47373036
119784,MYBPC3,c.1726G>A,p.V576M,1,missense,0.00001222,11,47363606
21504,MYBPC3,c.1070G>A,p.R357H,2,missense,0.00001671,11,47367778
119842,MYBPC3,c.961G>C,p.V321L,1,missense,0.00001250,11,47367887
119640,MYBPC3,c.3788G>A,p.R1263Q,1,missense,0.00000841,11,47353649
119817,MYBPC3,c.1309G>T,p.V437L,2,missense,0.00001822,11,47364614
119725,MYBPC3,c.2568G>T,p.R856S,1,missense,0.00000868,11,47358976
4227,MYBPC3,c.2269G>A,p.V757M,8,missense,0.00006633,11,47360110
61137,MYBPC3,c.3097C>T,p.R1033W,1,missense,0.00000831,11,47355201
4135,MYBPC3,c.604A>C,p.K202Q,5,missense,0.00004496,11,47371375
119885,MYBPC3,c.118G>A,p.V40M,1,missense,0.00001150,11,47372964
49372,MYBPC3,c.917G>A,p.R306Q,4,missense,0.00003694,11,47368187
119774,MYBPC3,c.1919C>T,p.P640L,2,missense,0.00005426,11,47362562
119683,MYBPC3,c.3127T>A,p.Y1043N,1,missense,0.00000830,11,47355171
119749,MYBPC3,c.2249C>T,p.T750M,3,missense,0.00002489,11,47360130
119656,MYBPC3,c.3461C>T,p.T1154I,1,missense,0.00001321,11,47354394
119833,MYBPC3,c.1074T>A,p.D358E,2,missense,0.00001671,11,47367774
119741,MYBPC3,c.2439G>C,p.K813N,2,missense,0.00001658,11,47359105
4270,MYBPC3,c.3065G>C,p.R1022P,3,missense,0.00002520,11,47355233
79007,MYBPC3,c.188G>A,p.R63Q,2,missense,0.00003933,11,47372894
4197,MYBPC3,c.1633C>A,p.L545M,4,missense,0.00003388,11,47363699
119791,MYBPC3,c.1615A>G,p.I539V,6,missense,0.00006519,11,47364138
119699,MYBPC3,c.2938C>T,p.R980C,2,missense,0.00006245,11,47355529
49360,MYBPC3,c.2056G>C,p.A686P,1,missense,0.00001637,11,47361213
119859,MYBPC3,c.640G>A,p.D214N,4,missense,0.00003634,11,47371339
119647,MYBPC3,c.3667G>A,p.E1223K,1,missense,0.00000829,11,47353770
4242,MYBPC3,c.2504G>T,p.R835L,9,missense,0.00007462,11,47359040
119808,MYBPC3,c.1423T>C,p.C475R,1,missense,0.00000854,11,47364415
119716,MYBPC3,c.2671C>T,p.R891W,1,missense,0.00003138,11,47357494
119892,MYBPC3,c.50G>T,p.R17L,2,missense,0.00002383,11,47373032
49386,MYBPC3,c.148A>G,p.S50G,3,missense,0.00003887,11,47372934
119782,MYBPC3,c.1778C>T,p.S593F,1,missense,0.00003456,11,47363554
119690,MYBPC3,c.3079G>C,p.D1027H,1,missense,0.00000834,11,47355219
119876,MYBPC3,c.287A>G,p.E96G,1,missense,0.00005641,11,47372795
119765,MYBPC3,c.2041G>A,p.V681M,1,missense,0.00001248,11,47361228
119674,MYBPC3,c.3232T>C,p.W1078R,1,missense,0.00002276,11,47354843
119849,MYBPC3,c.815G>A,p.R272H,1,missense,0.00004210,11,47369414
8661,MYBPC3,c.2815C>T,p.R939W,4,missense,0.00003379,11,47356683
119824,MYBPC3,c.1171G>T,p.D391Y,1,missense,0.00001152,11,47365095
119732,MYBPC3,c.2504G>A,p.R835H,1,missense,0.00000829,11,47359040
69886,MYBPC3,c.3316G>A,p.D1106N,4,missense,0.00006115,11,47354759
119799,MYBPC3,c.1499A>C,p.K500T,1,missense,0.00000829,11,47364254
119706,MYBPC3,c.2841C>A,p.H947Q,1,missense,0.00000865,11,47356657
4161,MYBPC3,c.859C>T,p.H287Y,2,missense,0.00004162,11,47369023
49368,MYBPC3,c.1372C>T,p.R458C,6,missense,0.00005314,11,47364466
119866,MYBPC3,c.538G>A,p.G180S,1,missense,0.00000996,11,47371441
49337,MYBPC3,c.3412C>T,p.R1138C,3,missense,0.00003719,11,47354443
119756,MYBPC3,c.2177G>A,p.R726H,4,missense,0.00003627,11,47360202
119663,MYBPC3,c.3371G>A,p.C1124Y,1,missense,0.00001133,11,47354484
4301,MYBPC3,c.3763G>A,p.A1255T,9,missense,0.00007504,11,47353674
4222,MYBPC3,c.2197C>T,p.R733C,10,missense,0.00008557,11,47360182
61107,MYBPC3,c.1334C>T,p.T445M,1,missense,0.00000890,11,47364589
4132,MYBPC3,c.532G>A,p.V178M,2,missense,0.00002045,11,47371447
119883,MYBPC3,c.133G>A,p.G45R,2,missense,0.00002442,11,47372949
119772,MYBPC3,c.1942C>T,p.H648Y,1,missense,0.00000830,11,47361327
119681,MYBPC3,c.3148G>A,p.E1050K,10,missense,0.00008312,11,47355150
21501,MYBPC3,c.2170C>T,p.R724W,2,missense,0.00001900,11,47360209
119840,MYBPC3,c.976C>T,p.R326W,2,missense,0.00002182,11,47367872
119638,MYBPC3,c.3799C>T,p.R1267C,1,missense,0.00000846,11,47353638
119815,MYBPC3,c.1357C>G,p.P453A,1,missense,0.00000895,11,47364481
119723,MYBPC3,c.2576C>T,p.P859L,1,missense,0.00000879,11,47358968
119789,MYBPC3,c.1639G>A,p.V547M,1,missense,0.00000845,11,47363693
119697,MYBPC3,c.2984T>A,p.I995N,1,missense,0.00003507,11,47355483
119873,MYBPC3,c.434C>A,p.P145H,1,missense,0.00004276,11,47371636
49353,MYBPC3,c.2683C>T,p.R895C,1,missense,0.00004034,11,47357482
119763,MYBPC3,c.2099A>T,p.D700V,2,missense,0.00001656,11,47360924
119670,MYBPC3,c.3274G>A,p.V1092I,4,missense,0.00008328,11,47354801
119857,MYBPC3,c.659A>G,p.Y220C,4,missense,0.00004178,11,47370088
119747,MYBPC3,c.2278G>C,p.D760H,4,missense,0.00003316,11,47360101
119654,MYBPC3,c.3523C>G,p.L1175V,1,missense,0.00001009,11,47354221
119831,MYBPC3,c.1091C>T,p.A364V,7,missense,0.00006786,11,47365175
119739,MYBPC3,c.2450G>C,p.R817P,1,missense,0.00000829,11,47359094
4266,MYBPC3,c.3005G>A,p.R1002Q,5,missense,0.00004654,11,47355293
79000,MYBPC3,c.2501G>A,p.R834Q,3,missense,0.00002487,11,47359043
4195,MYBPC3,c.1591G>C,p.G531R,2,missense,0.00001732,11,47364162
49382,MYBPC3,c.512G>A,p.S171N,1,missense,0.00001288,11,47371467
119780,MYBPC3,c.1823C>G,p.P608R,3,missense,0.00005938,11,47362763
119688,MYBPC3,c.3109C>T,p.R1037C,2,missense,0.00001661,11,47355189
49335,MYBPC3,c.3442A>G,p.S1148G,1,missense,0.00001286,11,47354413
119847,MYBPC3,c.845G>A,p.R282Q,1,missense,0.00003483,11,47369208
8656,MYBPC3,c.1985T>C,p.V662A,1,missense,0.00000831,11,47361284
119645,MYBPC3,c.3676C>T,p.R1226C,7,missense,0.00005805,11,47353761
4238,MYBPC3,c.2458C>T,p.R820W,1,missense,0.00000829,11,47359086
119806,MYBPC3,c.1442G>A,p.G481E,1,missense,0.00000847,11,47364396
119714,MYBPC3,c.2693C>T,p.A898V,1,missense,0.00004925,11,47357472
119890,MYBPC3,c.73A>T,p.S25C,2,missense,0.00002279,11,47373009
119864,MYBPC3,c.554A>G,p.K185R,2,missense,0.00001905,11,47371425
119754,MYBPC3,c.2188A>C,p.T730P,1,missense,0.00000872,11,47360191
119661,MYBPC3,c.3383A>C,p.E1128A,1,missense,0.00001151,11,47354472
4291,MYBPC3,c.3580G>A,p.A1194T,1,missense,0.00000835,11,47354164
119822,MYBPC3,c.1211A>C,p.Q404P,1,missense,0.00002032,11,47365055
119730,MYBPC3,c.2542G>A,p.A848T,1,missense,0.00000836,11,47359002
69216,MYBPC3,c.121C>T,p.R41C,3,missense,0.00003493,11,47372961
119796,MYBPC3,c.1546G>A,p.E516K,5,missense,0.00004145,11,47364207
119704,MYBPC3,c.2884G>C,p.V962L,2,missense,0.00001953,11,47356614
4156,MYBPC3,c.818G>A,p.R273H,1,missense,0.00004268,11,47369411
49366,MYBPC3,c.1554G>A,p.M518I,2,missense,0.00001659,11,47364199
119854,MYBPC3,c.700A>G,p.T234A,2,missense,0.00001838,11,47370047
20684,MYBPC3,c.2909G>A,p.R970Q,1,missense,0.00003251,11,47355558
119652,MYBPC3,c.3572C>T,p.S1191L,2,missense,0.00001675,11,47354172
119838,MYBPC3,c.1006A>T,p.I336F,1,missense,0.00000905,11,47367842
119636,MYBPC3,c.3812G>A,p.R1271Q,1,missense,0.00000858,11,47353625
119813,MYBPC3,c.1361T>C,p.V454A,2,missense,0.00001780,11,47364477
119721,MYBPC3,c.2602G>A,p.G868S,4,missense,0.00003676,11,47358942
4219,MYBPC3,c.2077G>T,p.A693S,4,missense,0.00003313,11,47360946
60435,MYBPC3,c.3569G>T,p.R1190L,1,missense,0.00000839,11,47354175
4120,MYBPC3,c.223G>A,p.D75N,3,missense,0.00009129,11,47372859
119881,MYBPC3,c.151G>T,p.A51S,2,missense,0.00002664,11,47372931
119770,MYBPC3,c.1973C>T,p.T658I,2,missense,0.00001659,11,47361296
119679,MYBPC3,c.3154A>G,p.M1052V,4,missense,0.00003327,11,47355144
121098,MYH7,c.22G>A,p.V8I,1,missense,0.00000827,14,23902920
4452,MYH7,c.1447G>A,p.E483K,1,missense,0.00000824,14,23897840
120985,MYH7,c.3040G>A,p.E1014K,1,missense,0.00000824,14,23892815
121056,MYH7,c.949G>C,p.E317Q,1,missense,0.00000832,14,23899819
120942,MYH7,c.4076G>A,p.R1359H,4,missense,0.00003299,14,23887512
121029,MYH7,c.1756G>A,p.V586M,1,missense,0.00000824,14,23896926
4616,MYH7,c.3133C>T,p.R1045C,2,missense,0.00001648,14,23891501
120915,MYH7,c.4558G>A,p.G1520R,1,missense,0.00000824,14,23886163
4362,MYH7,c.443G>T,p.S148I,1,missense,0.00000824,14,23901907
61075,MYH7,c.2456G>A,p.R819Q,1,missense,0.00000824,14,23894201
120976,MYH7,c.3149G>C,p.R1050P,1,missense,0.00000824,14,23891485
120864,MYH7,c.5234T>C,p.V1745A,1,missense,0.00000824,14,23884639
49244,MYH7,c.5660A>G,p.E1887G,1,missense,0.00000824,14,23883098
12788,MYH7,c.5500G>A,p.A1834T,6,missense,0.00004947,14,23884263
121072,MYH7,c.500C>G,p.T167R,1,missense,0.00000824,14,23901850
120844,MYH7,c.5530G>A,p.E1844K,1,missense,0.00000826,14,23884233
120959,MYH7,c.3814G>A,p.D1272N,3,missense,0.00002471,14,23888731
20664,MYH7,c.4030C>T,p.R1344W,2,missense,0.00001659,14,23887558
4672,MYH7,c.5279C>T,p.T1760M,2,missense,0.00001647,14,23884594
60447,MYH7,c.3168G>C,p.E1056D,1,missense,0.00000824,14,23891466
120862,MYH7,c.5288C>T,p.A1763V,1,missense,0.00000824,14,23884475
121045,MYH7,c.1262T>C,p.I421T,1,missense,0.00000824,14,23898309
4676,MYH7,c.5326A>G,p.S1776G,4,missense,0.00003295,14,23884437
120933,MYH7,c.4238C>T,p.S1413L,2,missense,0.00001648,14,23886827
20661,MYH7,c.3152C>T,p.A1051V,2,missense,0.00001647,14,23891482
79532,MYH7,c.1246A>C,p.N416H,2,missense,0.00001647,14,23898449
4619,MYH7,c.3158G>A,p.R1053Q,9,missense,0.00007414,14,23891476
49249,MYH7,c.5459G>A,p.R1820Q,1,missense,0.00000824,14,23884304
120846,MYH7,c.5503G>C,p.E1835Q,1,missense,0.00000825,14,23884260
79530,MYH7,c.2371C>A,p.Q791K,1,missense,0.00000824,14,23894543
120880,MYH7,c.5039T>C,p.L1680P,1,missense,0.00000824,14,23884956
12790,MYH7,c.5458C>G,p.R1820G,3,missense,0.00002472,14,23884305
121001,MYH7,c.2762A>C,p.E921A,1,missense,0.00000824,14,23893276
121089,MYH7,c.161G>A,p.R54Q,2,missense,0.00001649,14,23902781
120889,MYH7,c.4984C>T,p.R1662C,1,missense,0.00000824,14,23885011
121063,MYH7,c.821T>C,p.I274T,1,missense,0.00000825,14,23900184
120949,MYH7,c.4018T>C,p.C1340R,1,missense,0.00000832,14,23887570
4413,MYH7,c.1128C>A,p.D376E,1,missense,0.00000824,14,23898994
121019,MYH7,c.1997A>G,p.H666R,1,missense,0.00000824,14,23896033
4523,MYH7,c.2206A>G,p.I736V,1,missense,0.00000824,14,23894984
120905,MYH7,c.4721G>A,p.R1574Q,3,missense,0.00002472,14,23885445
120992,MYH7,c.2891T>C,p.V964A,1,missense,0.00000824,14,23893147
21442,MYH7,c.3138G>A,p.M1046I,3,missense,0.00002471,14,23891496
4694,MYH7,c.5779A>T,p.I1927F,4,missense,0.00003297,14,23882979
120835,MYH7,c.5737G>A,p.A1913T,1,missense,0.00000824,14,23883021
4646,MYH7,c.4258C>T,p.R1420W,1,missense,0.00000824,14,23886807
49259,MYH7,c.4187G>A,p.R1396Q,1,missense,0.00000827,14,23886878
120853,MYH7,c.5419G>A,p.G1807S,1,missense,0.00000824,14,23884344
121036,MYH7,c.1681G>T,p.A561S,1,missense,0.00000824,14,23897001
120922,MYH7,c.4471T>A,p.S1491T,1,missense,0.00000824,14,23886410
12801,MYH7,c.3208G>A,p.E1070K,1,missense,0.00000824,14,23891426
121009,MYH7,c.2452A>G,p.I818V,1,missense,0.00000824,14,23894205
120896,MYH7,c.4861G>A,p.D1621N,1,missense,0.00000824,14,23885305
79517,MYH7,c.5222T>C,p.V1741A,1,missense,0.00000824,14,23884651
120871,MYH7,c.5119A>T,p.I1707F,1,missense,0.00000824,14,23884876
121080,MYH7,c.298G>T,p.A100S,1,missense,0.00000824,14,23902340
120966,MYH7,c.3777C>A,p.H1259Q,3,missense,0.00002471,14,23888768
121054,MYH7,c.968T>C,p.I323T,9,missense,0.00007549,14,23899800
120940,MYH7,c.4097C>T,p.S1366L,3,missense,0.00002473,14,23887491
121027,MYH7,c.1788G>C,p.K596N,1,missense,0.00000824,14,23896894
4575,MYH7,c.2608C>T,p.R870C,1,missense,0.00000824,14,23894049
120912,MYH7,c.4588C>G,p.R1530G,1,missense,0.00000824,14,23886133
4359,MYH7,c.428G>A,p.R143Q,1,missense,0.00000824,14,23901922
121096,MYH7,c.54G>C,p.K18N,1,missense,0.00000825,14,23902888
120983,MYH7,c.3050T>C,p.V1017A,1,missense,0.00000824,14,23892805
121070,MYH7,c.565A>C,p.K189Q,1,missense,0.00000824,14,23901044
120957,MYH7,c.3883G>A,p.E1295K,1,missense,0.00000824,14,23888475
120931,MYH7,c.4286T>C,p.M1429T,1,missense,0.00000824,14,23886779
15839,MYH7,c.3235C>T,p.R1079W,6,missense,0.00004944,14,23891399
79527,MYH7,c.2776C>G,p.L926V,2,missense,0.00001647,14,23893262
120878,MYH7,c.5065C>G,p.R1689G,2,missense,0.00001648,14,23884930
120999,MYH7,c.2766G>T,p.M922I,1,missense,0.00000824,14,23893272
121087,MYH7,c.166G>A,p.G56S,1,missense,0.00000824,14,23902776
120887,MYH7,c.4993G>A,p.D1665N,1,missense,0.00000824,14,23885002
120974,MYH7,c.3229G>T,p.D1077Y,1,missense,0.00000824,14,23891405
62800,MYH7,c.5704G>A,p.E1902K,2,missense,0.00001647,14,23883054
8615,MYH7,c.4985G>A,p.R1662H,7,missense,0.00005769,14,23885010
120842,MYH7,c.5606A>G,p.D1869G,1,missense,0.00000824,14,23883265
4669,MYH7,c.5135G>A,p.R1712Q,1,missense,0.00000824,14,23884860
49275,MYH7,c.1315A>T,p.M439L,2,missense,0.00001647,14,23898256
120860,MYH7,c.5303A>T,p.E1768V,1,missense,0.00000824,14,23884460
121043,MYH7,c.1405G>A,p.D469N,1,missense,0.00000824,14,23898166
121017,MYH7,c.2060C>A,p.P687H,4,missense,0.00003343,14,23895275
4498,MYH7,c.2080C>T,p.R694C,2,missense,0.00001659,14,23895255
120903,MYH7,c.4780G>C,p.V1594L,1,missense,0.00000824,14,23885386
120990,MYH7,c.2982G>C,p.K994N,1,missense,0.00000824,14,23892873
121061,MYH7,c.898A>T,p.M300L,1,missense,0.00000831,14,23899870
120947,MYH7,c.4021G>A,p.D1341N,1,missense,0.00000831,14,23887567
4404,MYH7,c.958G>A,p.V320M,1,missense,0.00000835,14,23899810
121007,MYH7,c.2665C>T,p.L889F,1,missense,0.00000824,14,23893992
120894,MYH7,c.4903A>G,p.M1635V,2,missense,0.00001647,14,23885263
69851,MYH7,c.4975G>A,p.D1659N,1,missense,0.00000824,14,23885020
120869,MYH7,c.5187G>T,p.K1729N,1,missense,0.00000824,14,23884686
121077,MYH7,c.340A>T,p.I114F,1,missense,0.00000824,14,23902298
120964,MYH7,c.3779G>A,p.R1260Q,4,missense,0.00003295,14,23888766
21437,MYH7,c.3801G>C,p.Q1267H,4,missense,0.00003295,14,23888744
121052,MYH7,c.1033G>A,p.E345K,1,missense,0.00000824,14,23899089
4686,MYH7,c.5561C>T,p.T1854M,4,missense,0.00003302,14,23883310
120938,MYH7,c.4159G>C,p.E1387Q,1,missense,0.00000824,14,23887429
120833,MYH7,c.5774G>A,p.R1925H,1,missense,0.00000824,14,23882984
4638,MYH7,c.4052C>T,p.T1351M,4,missense,0.00003304,14,23887536
49254,MYH7,c.4687C>G,p.L1563V,2,missense,0.00001654,14,23885479
120851,MYH7,c.5452C>T,p.R1818W,2,missense,0.00001648,14,23884311
121034,MYH7,c.1702A>G,p.N568D,1,missense,0.00000824,14,23896980
120920,MYH7,c.4499G>A,p.R1500Q,3,missense,0.00002471,14,23886382
12797,MYH7,c.4656G>T,p.E1552D,1,missense,0.00000836,14,23885510
121094,MYH7,c.76G>A,p.A26T,1,missense,0.00000824,14,23902866
120981,MYH7,c.3068C>T,p.A1023V,1,missense,0.00000824,14,23892787
121068,MYH7,c.601A>T,p.I201F,2,missense,0.00001647,14,23901008
120954,MYH7,c.3974C>G,p.A1325G,1,missense,0.00000873,14,23887614
121025,MYH7,c.1888C>T,p.P630S,2,missense,0.00001691,14,23896794
4569,MYH7,c.2594A>G,p.K865R,1,missense,0.00000824,14,23894063
120910,MYH7,c.4603G>A,p.A1535T,1,missense,0.00000825,14,23886118
4354,MYH7,c.175G>A,p.V59I,1,missense,0.00000824,14,23902767
121085,MYH7,c.184G>A,p.E62K,1,missense,0.00000824,14,23902758
120885,MYH7,c.5013C>G,p.I1671M,2,missense,0.00001648,14,23884982
120972,MYH7,c.3283G>A,p.E1095K,1,missense,0.00000824,14,23890220
21457,MYH7,c.28G>C,p.G10R,9,missense,0.00007434,14,23902914
8609,MYH7,c.3994G>A,p.A1332T,2,missense,0.00001699,14,23887594
120840,MYH7,c.5689C>T,p.R1897C,2,missense,0.00001647,14,23883069
4664,MYH7,c.4954G>T,p.D1652Y,3,missense,0.00002475,14,23885041
49271,MYH7,c.1913C>T,p.A638V,1,missense,0.00000827,14,23896492
120858,MYH7,c.5348A>G,p.K1783R,1,missense,0.00000824,14,23884415
121041,MYH7,c.1588A>G,p.I530V,1,missense,0.00000824,14,23897094
120929,MYH7,c.4301G>A,p.R1434H,2,missense,0.00001648,14,23886764
15830,MYH7,c.5704G>C,p.E1902Q,9,missense,0.00007413,14,23883054
79525,MYH7,c.3005C>T,p.A1002V,1,missense,0.00000824,14,23892850
120876,MYH7,c.5066G>A,p.R1689H,2,missense,0.00001648,14,23884929
120997,MYH7,c.2804A>T,p.E935V,2,missense,0.00001647,14,23893234
121059,MYH7,c.913A>C,p.N305H,1,missense,0.00000829,14,23899855
120945,MYH7,c.4040A>G,p.Y1347C,1,missense,0.00000827,14,23887548
121032,MYH7,c.1729T>C,p.F577L,1,missense,0.00000824,14,23896953
120918,MYH7,c.4536G>C,p.L1512F,1,missense,0.00000824,14,23886185
4384,MYH7,c.709C>T,p.R237W,1,missense,0.00000824,14,23900817
121014,MYH7,c.2312G>C,p.G771A,1,missense,0.00000825,14,23894602
4491,MYH7,c.1954A>G,p.R652G,1,missense,0.00000829,14,23896451
120901,MYH7,c.4787C>T,p.S1596L,5,missense,0.00004118,14,23885379
120988,MYH7,c.3028C>T,p.L1010F,1,missense,0.00000824,14,23892827
120962,MYH7,c.3797C>A,p.T1266N,1,missense,0.00000824,14,23888748
21426,MYH7,c.5458C>T,p.R1820W,3,missense,0.00002472,14,23884305
121050,MYH7,c.1086G>T,p.M362I,1,missense,0.00000824,14,23899036
4682,MYH7,c.5507C>T,p.S1836L,6,missense,0.00004949,14,23884256
120936,MYH7,c.4196A>G,p.E1399G,1,missense,0.00000825,14,23886869
120831,MYH7,c.5800G>A,p.E1934K,3,missense,0.00002480,14,23882071
4624,MYH7,c.3301G>A,p.G1101S,8,missense,0.00006593,14,23890202
49252,MYH7,c.5029C>T,p.R1677C,2,missense,0.00001648,14,23884966
120849,MYH7,c.5495G>A,p.R1832H,4,missense,0.00003297,14,23884268
12794,MYH7,c.4904T>C,p.M1635T,3,missense,0.00002471,14,23885262
121005,MYH7,c.2681A>T,p.E894V,1,missense,0.00000825,14,23893357
120892,MYH7,c.4943G>A,p.S1648N,1,missense,0.00000824,14,23885223
61086,MYH7,c.4941G>C,p.Q1647H,1,missense,0.00000824,14,23885225
120867,MYH7,c.5230G>T,p.A1744S,1,missense,0.00000824,14,23884643
121075,MYH7,c.442A>G,p.S148G,2,missense,0.00001647,14,23901908
4440,MYH7,c.1324C>T,p.R442C,1,missense,0.00000824,14,23898247
121022,MYH7,c.1896G>T,p.E632D,1,missense,0.00000827,14,23896509
4548,MYH7,c.2389G>A,p.A797T,4,missense,0.00003296,14,23894525
120908,MYH7,c.4679G>A,p.R1560Q,1,missense,0.00000828,14,23885487
4348,MYH7,c.11C>T,p.S4L,2,missense,0.00001656,14,23902931
121092,MYH7,c.124G>A,p.D42N,1,missense,0.00000824,14,23902818
120979,MYH7,c.3094G>A,p.D1032N,2,missense,0.00001647,14,23892761
121066,MYH7,c.640G>A,p.G214S,1,missense,0.00000824,14,23900886
120952,MYH7,c.3977A>G,p.K1326R,2,missense,0.00001734,14,23887611
4659,MYH7,c.4717G>A,p.E1573K,10,missense,0.00008241,14,23885449
49269,MYH7,c.2561A>C,p.E854A,1,missense,0.00000824,14,23894096
120856,MYH7,c.5369T>C,p.I1790T,1,missense,0.00000824,14,23884394
121039,MYH7,c.1611G>C,p.E537D,2,missense,0.00001647,14,23897071
120925,MYH7,c.4435A>G,p.T1479A,3,missense,0.00002471,14,23886446
12807,MYH7,c.2585C>T,p.A862V,4,missense,0.00003295,14,23894072
121012,MYH7,c.2357C>T,p.T786M,2,missense,0.00001648,14,23894557
120899,MYH7,c.4823G>T,p.R1608L,1,missense,0.00000824,14,23885343
79523,MYH7,c.3318G>T,p.K1106N,1,missense,0.00000824,14,23890185
120874,MYH7,c.5090G>A,p.R1697Q,3,missense,0.00002471,14,23884905
120995,MYH7,c.2821C>A,p.R941S,1,missense,0.00000824,14,23893217
121083,MYH7,c.211G>A,p.V71M,5,missense,0.00004119,14,23902427
120883,MYH7,c.5020G>A,p.V1674M,3,missense,0.00002471,14,23884975
120970,MYH7,c.3376C>T,p.R1126C,1,missense,0.00001022,14,23889404
21455,MYH7,c.397G>A,p.V133M,1,missense,0.00000825,14,23901953
8593,MYH7,c.1772T>C,p.I591T,1,missense,0.00000824,14,23896910
120838,MYH7,c.5699A>T,p.Q1900L,1,missense,0.00000824,14,23883059
4617,MYH7,c.3134G>A,p.R1045H,4,missense,0.00003295,14,23891500
120916,MYH7,c.4553C>A,p.S1518Y,1,missense,0.00000824,14,23886168
4364,MYH7,c.530C>T,p.T177I,2,missense,0.00001647,14,23901688
121099,MYH7,c.22G>C,p.V8L,1,missense,0.00000827,14,23902920
4472,MYH7,c.1681G>A,p.A561T,5,missense,0.00004118,14,23897001
120986,MYH7,c.3037G>A,p.E1013K,2,missense,0.00001647,14,23892818
121057,MYH7,c.936C>A,p.F312L,1,missense,0.00000829,14,23899832
120943,MYH7,c.4063G>A,p.A1355T,1,missense,0.00000825,14,23887525
121030,MYH7,c.1754T>C,p.I585T,1,missense,0.00000824,14,23896928
120881,MYH7,c.5032A>C,p.N1678H,1,missense,0.00000824,14,23884963
12791,MYH7,c.5229G>T,p.E1743D,3,missense,0.00002471,14,23884644
121003,MYH7,c.2749G>A,p.A917T,1,missense,0.00000824,14,23893289
121090,MYH7,c.160C>G,p.R54G,1,missense,0.00000824,14,23902782
120890,MYH7,c.4954G>A,p.D1652N,1,missense,0.00000825,14,23885041
61078,MYH7,c.3268C>G,p.L1090V,2,missense,0.00001649,14,23890235
120865,MYH7,c.5231C>A,p.A1744E,1,missense,0.00000824,14,23884642
49245,MYH7,c.5587C>T,p.R1863W,1,missense,0.00000824,14,23883284
12789,MYH7,c.5485G>A,p.E1829K,3,missense,0.00002472,14,23884278
121073,MYH7,c.465C>A,p.F155L,1,missense,0.00000824,14,23901885
120845,MYH7,c.5507C>G,p.S1836W,2,missense,0.00001650,14,23884256
120960,MYH7,c.3809T>C,p.V1270A,1,missense,0.00000824,14,23888736
20665,MYH7,c.4348G>A,p.D1450N,1,missense,0.00000824,14,23886717
4675,MYH7,c.5305C>A,p.L1769M,1,missense,0.00000824,14,23884458
60445,MYH7,c.4004C>T,p.S1335L,4,missense,0.00003364,14,23887584
120863,MYH7,c.5287G>A,p.A1763T,5,missense,0.00004118,14,23884476
121048,MYH7,c.1126G>C,p.D376H,1,missense,0.00000824,14,23898996
4677,MYH7,c.5329G>A,p.A1777T,5,missense,0.00004118,14,23884434
120934,MYH7,c.4219G>A,p.V1407I,2,missense,0.00001648,14,23886846
20663,MYH7,c.3856G>A,p.E1286K,2,missense,0.00001647,14,23888502
79533,MYH7,c.875A>C,p.N292T,1,missense,0.00000824,14,23900130
4621,MYH7,c.3169G>A,p.G1057S,1,missense,0.00000824,14,23891465
49250,MYH7,c.5422G>A,p.G1808S,4,missense,0.00003295,14,23884341
120847,MYH7,c.5500G>T,p.A1834S,2,missense,0.00001649,14,23884263
79531,MYH7,c.2044G>A,p.G682R,1,missense,0.00000825,14,23895986
120993,MYH7,c.2846A>T,p.E949V,1,missense,0.00000824,14,23893192
120977,MYH7,c.3137T>G,p.M1046R,1,missense,0.00000824,14,23891497
121064,MYH7,c.751C>T,p.H251Y,1,missense,0.00000824,14,23900672
120950,MYH7,c.4009C>T,p.R1337W,1,missense,0.00000838,14,23887579
4415,MYH7,c.1129G>A,p.G377S,3,missense,0.00002471,14,23898993
121020,MYH7,c.1975A>G,p.M659V,1,missense,0.00000825,14,23896055
4543,MYH7,c.2348G>A,p.R783H,2,missense,0.00001648,14,23894566
120906,MYH7,c.4709C>A,p.A1570E,2,missense,0.00001649,14,23885457
121081,MYH7,c.268A>G,p.M90V,2,missense,0.00001647,14,23902370
120968,MYH7,c.3749G>C,p.R1250P,1,missense,0.00000824,14,23888796
21449,MYH7,c.1859T>A,p.L620Q,1,missense,0.00000826,14,23896823
4695,MYH7,c.5786C>T,p.T1929M,3,missense,0.00002474,14,23882972
120836,MYH7,c.5726G>A,p.R1909Q,1,missense,0.00000824,14,23883032
4651,MYH7,c.4423C>T,p.R1475C,10,missense,0.00008239,14,23886458
49260,MYH7,c.4078G>A,p.V1360I,7,missense,0.00005773,14,23887510
120854,MYH7,c.5386C>T,p.R1796W,1,missense,0.00000824,14,23884377
121037,MYH7,c.1662C>A,p.D554E,1,missense,0.00000824,14,23897020
120923,MYH7,c.4459G>A,p.A1487T,2,missense,0.00001647,14,23886422
12802,MYH7,c.2974C>A,p.L992M,2,missense,0.00001647,14,23892881
121010,MYH7,c.2425G>T,p.D809Y,6,missense,0.00004950,14,23894232
120897,MYH7,c.4831G>T,p.A1611S,1,missense,0.00000824,14,23885335
79518,MYH7,c.5014G>A,p.A1672T,4,missense,0.00003295,14,23884981
120872,MYH7,c.5105C>A,p.A1702E,1,missense,0.00000824,14,23884890
121055,MYH7,c.968T>G,p.I323S,1,missense,0.00000839,14,23899800
120941,MYH7,c.4090G>A,p.A1364T,5,missense,0.00004122,14,23887498
121028,MYH7,c.1766A>G,p.N589S,1,missense,0.00000824,14,23896916
4613,MYH7,c.3056C>A,p.T1019N,1,missense,0.00000824,14,23892799
120914,MYH7,c.4571A>C,p.H1524P,2,missense,0.00001648,14,23886150
4360,MYH7,c.427C>T,p.R143W,6,missense,0.00004942,14,23901923
121097,MYH7,c.41C>T,p.P14L,1,missense,0.00000825,14,23902901
120984,MYH7,c.3046A>G,p.K1016E,1,missense,0.00000824,14,23892809
121071,MYH7,c.541G>A,p.G181R,1,missense,0.00000824,14,23901068
120843,MYH7,c.5537G>A,p.R1846H,1,missense,0.00000826,14,23884226
120958,MYH7,c.3829C>T,p.R1277W,2,missense,0.00001647,14,23888716
4671,MYH7,c.5257G>A,p.E1753K,1,missense,0.00000824,14,23884616
60448,MYH7,c.3200T>C,p.M1067T,2,missense,0.00001648,14,23891434
120861,MYH7,c.5293A>G,p.M1765V,1,missense,0.00000824,14,23884470
121044,MYH7,c.1334C>T,p.A445V,2,missense,0.00001647,14,23898237
120932,MYH7,c.4283T>C,p.L1428S,4,missense,0.00003295,14,23886782
17263,MYH7,c.5243G>A,p.C1748Y,6,missense,0.00004942,14,23884630
79528,MYH7,c.2599G>A,p.E867K,2,missense,0.00001648,14,23894058
120879,MYH7,c.5054T>A,p.L1685Q,1,missense,0.00000824,14,23884941
121000,MYH7,c.2765T>C,p.M922T,2,missense,0.00001647,14,23893273
121088,MYH7,c.161G>T,p.R54L,1,missense,0.00000824,14,23902781
120888,MYH7,c.4992C>A,p.N1664K,3,missense,0.00002472,14,23885003
120975,MYH7,c.3196A>G,p.I1066V,1,missense,0.00000824,14,23891438
48116,MYH7,c.298G>A,p.A100T,2,missense,0.00001647,14,23902340
8616,MYH7,c.5030G>A,p.R1677H,6,missense,0.00004943,14,23884965
120948,MYH7,c.4021G>T,p.D1341Y,1,missense,0.00000831,14,23887567
4405,MYH7,c.976G>C,p.A326P,8,missense,0.00006783,14,23899792
121018,MYH7,c.2052G>A,p.M684I,1,missense,0.00000840,14,23895283
4511,MYH7,c.2167C>T,p.R723C,3,missense,0.00002471,14,23895023
120904,MYH7,c.4751A>G,p.E1584G,1,missense,0.00000824,14,23885415
120991,MYH7,c.2968G>A,p.A990T,1,missense,0.00000824,14,23892887
121062,MYH7,c.853A>G,p.I285V,1,missense,0.00000824,14,23900152
4640,MYH7,c.4075C>T,p.R1359C,1,missense,0.00000825,14,23887513
49258,MYH7,c.4210G>A,p.V1404M,2,missense,0.00001648,14,23886855
120852,MYH7,c.5448A>C,p.E1816D,1,missense,0.00000824,14,23884315
121035,MYH7,c.1699C>T,p.R567C,1,missense,0.00000824,14,23896983
120921,MYH7,c.4481A>T,p.H1494L,2,missense,0.00001647,14,23886400
12798,MYH7,c.4294G>A,p.V1432I,6,missense,0.00004942,14,23886771
121008,MYH7,c.2573G>T,p.R858L,1,missense,0.00000824,14,23894084
120895,MYH7,c.4894G>A,p.A1632T,5,missense,0.00004118,14,23885272
79516,MYH7,c.5602G>C,p.V1868L,1,missense,0.00000824,14,23883269
120870,MYH7,c.5130T>G,p.S1710R,1,missense,0.00000824,14,23884865
121079,MYH7,c.328G>A,p.G110S,3,missense,0.00002472,14,23902310
120965,MYH7,c.3778C>T,p.R1260W,1,missense,0.00000824,14,23888767
21439,MYH7,c.3730A>C,p.N1244H,1,missense,0.00000824,14,23888815
121053,MYH7,c.1018G>A,p.G340S,1,missense,0.00000824,14,23899104
4687,MYH7,c.5588G>A,p.R1863Q,1,missense,0.00000824,14,23883283
120834,MYH7,c.5761C>T,p.R1921W,1,missense,0.00000824,14,23882997
4574,MYH7,c.2606G>A,p.R869H,4,missense,0.00003295,14,23894051
120911,MYH7,c.4589G>A,p.R1530Q,1,missense,0.00000824,14,23886132
4356,MYH7,c.343T>C,p.Y115H,1,missense,0.00000824,14,23902295
121095,MYH7,c.67C>T,p.R23W,3,missense,0.00002473,14,23902875
120982,MYH7,c.3058C>A,p.L1020M,2,missense,0.00001647,14,23892797
121069,MYH7,c.589G>A,p.V197I,2,missense,0.00001647,14,23901020
120956,MYH7,c.3908G>A,p.R1303Q,1,missense,0.00000824,14,23888450
120939,MYH7,c.4141C>G,p.Q1381E,1,missense,0.00000824,14,23887447
121026,MYH7,c.1856C>T,p.T619I,4,missense,0.00003302,14,23896826
79526,MYH7,c.2972A>G,p.K991R,1,missense,0.00000824,14,23892883
120877,MYH7,c.5065C>T,p.R1689C,3,missense,0.00002471,14,23884930
120998,MYH7,c.2787G>C,p.E929D,2,missense,0.00001647,14,23893251
121086,MYH7,c.175G>T,p.V59F,1,missense,0.00000824,14,23902767
120886,MYH7,c.4996G>A,p.D1666N,1,missense,0.00000824,14,23884999
120973,MYH7,c.3274G>A,p.A1092T,2,missense,0.00001649,14,23890229
62801,MYH7,c.706G>A,p.V236I,1,missense,0.00000824,14,23900820
8613,MYH7,c.4606G>A,p.E1536K,1,missense,0.00000825,14,23886115
120841,MYH7,c.5687T>C,p.F1896S,1,missense,0.00000824,14,23883071
4667,MYH7,c.5071G>A,p.V1691M,10,missense,0.00008238,14,23884924
49273,MYH7,c.1700G>A,p.R567H,2,missense,0.00001647,14,23896982
120859,MYH7,c.5342G>A,p.R1781H,1,missense,0.00000824,14,23884421
121042,MYH7,c.1519G>A,p.E507K,1,missense,0.00000824,14,23897768
120930,MYH7,c.4292A>G,p.D1431G,1,missense,0.00000824,14,23886773
15832,MYH7,c.4372C>G,p.Q1458E,1,missense,0.00000826,14,23886509
120902,MYH7,c.4786T>C,p.S1596P,1,missense,0.00000824,14,23885380
120989,MYH7,c.3010C>G,p.Q1004E,1,missense,0.00000824,14,23892845
121060,MYH7,c.910A>T,p.T304S,1,missense,0.00000829,14,23899858
120946,MYH7,c.4023C>A,p.D1341E,1,missense,0.00000830,14,23887565
121033,MYH7,c.1709A>G,p.K570R,2,missense,0.00001647,14,23896973
4387,MYH7,c.728G>A,p.R243H,1,missense,0.00000824,14,23900798
121016,MYH7,c.2134C>T,p.R712C,1,missense,0.00000824,14,23895201
4495,MYH7,c.1988G>A,p.R663H,2,missense,0.00001648,14,23896042
121076,MYH7,c.341T>C,p.I114T,1,missense,0.00000824,14,23902297
120963,MYH7,c.3782G>A,p.S1261N,1,missense,0.00000824,14,23888763
21430,MYH7,c.4672A>T,p.I1558F,1,missense,0.00000830,14,23885494
121051,MYH7,c.1045A>G,p.M349V,3,missense,0.00002471,14,23899077
4684,MYH7,c.5536C>T,p.R1846C,2,missense,0.00001653,14,23884227
120937,MYH7,c.4180G>A,p.A1394T,1,missense,0.00000829,14,23886885
120832,MYH7,c.5783G>A,p.G1928D,1,missense,0.00000824,14,23882975
4634,MYH7,c.3788C>A,p.A1263E,1,missense,0.00000824,14,23888757
49253,MYH7,c.4817G>A,p.R1606H,6,missense,0.00004942,14,23885349
120850,MYH7,c.5467G>C,p.E1823Q,1,missense,0.00000824,14,23884296
120919,MYH7,c.4525A>C,p.I1509L,2,missense,0.00001647,14,23886196
12796,MYH7,c.4660G>C,p.E1554Q,2,missense,0.00001669,14,23885506
121006,MYH7,c.2677G>A,p.A893T,1,missense,0.00000824,14,23893980
120893,MYH7,c.4919A>T,p.Q1640L,4,missense,0.00003295,14,23885247
61092,MYH7,c.925G>A,p.D309N,3,missense,0.00002486,14,23899843
120868,MYH7,c.5201T>G,p.L1734R,2,missense,0.00001647,14,23884672
121067,MYH7,c.610C>T,p.R204C,3,missense,0.00002471,14,23900999
120953,MYH7,c.3974C>T,p.A1325V,3,missense,0.00002618,14,23887614
4441,MYH7,c.1325G>A,p.R442H,2,missense,0.00001647,14,23898246
121024,MYH7,c.1892T>C,p.I631T,2,missense,0.00001654,14,23896513
4567,MYH7,c.2573G>A,p.R858H,1,missense,0.00000824,14,23894084
120909,MYH7,c.4678C>T,p.R1560W,1,missense,0.00000829,14,23885488
4352,MYH7,c.115G>A,p.V39M,7,missense,0.00005768,14,23902827
121093,MYH7,c.91T>C,p.F31L,1,missense,0.00000824,14,23902851
120980,MYH7,c.3089A>G,p.Q1030R,1,missense,0.00000824,14,23892766
120839,MYH7,c.5696T>C,p.V1899A,1,missense,0.00000824,14,23883062
4663,MYH7,c.4909G>A,p.A1637T,7,missense,0.00005766,14,23885257
49270,MYH7,c.2177A>G,p.N726S,1,missense,0.00000824,14,23895013
120857,MYH7,c.5363A>G,p.Q1788R,1,missense,0.00000824,14,23884400
121040,MYH7,c.1601T>C,p.L534P,1,missense,0.00000824,14,23897081
120928,MYH7,c.4321G>T,p.A1441S,1,missense,0.00000824,14,23886744
12808,MYH7,c.2420G>A,p.R807H,1,missense,0.00000824,14,23894494
121013,MYH7,c.2347C>T,p.R783C,1,missense,0.00000824,14,23894567
79524,MYH7,c.3294G>C,p.Q1098H,1,missense,0.00000824,14,23890209
120875,MYH7,c.5074G>T,p.V1692L,1,missense,0.00000824,14,23884921
120996,MYH7,c.2812G>T,p.A938S,1,missense,0.00000824,14,23893226
121084,MYH7,c.208A>T,p.T70S,1,missense,0.00000824,14,23902430
120884,MYH7,c.5017A>G,p.I1673V,1,missense,0.00000824,14,23884978
120971,MYH7,c.3350A>T,p.E1117V,1,missense,0.00000976,14,23889430
21456,MYH7,c.350A>T,p.Y117F,5,missense,0.00004127,14,23902000
8604,MYH7,c.2710C>T,p.R904C,1,missense,0.00000824,14,23893328
120944,MYH7,c.4061A>G,p.K1354R,1,missense,0.00000825,14,23887527
121031,MYH7,c.1730T>C,p.F577S,1,missense,0.00000824,14,23896952
120917,MYH7,c.4545G>C,p.Q1515H,2,missense,0.00001647,14,23886176
4374,MYH7,c.632C>T,p.P211L,3,missense,0.00002471,14,23900977
121100,MYH7,c.17T>C,p.M6T,3,missense,0.00002482,14,23902925
4474,MYH7,c.1727A>G,p.H576R,1,missense,0.00000824,14,23896955
120900,MYH7,c.4821C>A,p.S1607R,1,missense,0.00000824,14,23885345
120987,MYH7,c.3035C>A,p.A1012D,5,missense,0.00004118,14,23892820
121058,MYH7,c.934T>C,p.F312L,1,missense,0.00000829,14,23899834
79534,MYH7,c.481G>A,p.A161T,3,missense,0.00002471,14,23901869
4622,MYH7,c.3236G>A,p.R1079Q,1,missense,0.00000824,14,23891398
49251,MYH7,c.5088G>C,p.E1696D,3,missense,0.00002471,14,23884907
120848,MYH7,c.5498A>G,p.N1833S,1,missense,0.00000824,14,23884265
12792,MYH7,c.5203T>A,p.S1735T,4,missense,0.00003295,14,23884670
121004,MYH7,c.2689A>C,p.N897H,1,missense,0.00000824,14,23893349
120891,MYH7,c.4949T>C,p.L1650S,4,missense,0.00003295,14,23885217
61081,MYH7,c.3830G>A,p.R1277Q,5,missense,0.00004118,14,23888715
120866,MYH7,c.5231C>T,p.A1744V,2,missense,0.00001647,14,23884642
121074,MYH7,c.445G>A,p.E149K,1,missense,0.00000824,14,23901905
120961,MYH7,c.3803G>A,p.R1268H,10,missense,0.00008237,14,23888742
21425,MYH7,c.5494C>G,p.R1832G,1,missense,0.00000824,14,23884269
121049,MYH7,c.1095G>T,p.K365N,1,missense,0.00000824,14,23899027
4681,MYH7,c.5494C>T,p.R1832C,6,missense,0.00004946,14,23884269
120935,MYH7,c.4216G>A,p.A1406T,1,missense,0.00000824,14,23886849
121021,MYH7,c.1971G>T,p.K657N,1,missense,0.00000825,14,23896059
4544,MYH7,c.2359C>T,p.R787C,7,missense,0.00005767,14,23894555
120907,MYH7,c.4707G>C,p.K1569N,1,missense,0.00000825,14,23885459
120994,MYH7,c.2822G>A,p.R941H,2,missense,0.00001647,14,23893216
121091,MYH7,c.138T>A,p.F46L,1,missense,0.00000824,14,23902804
120978,MYH7,c.3134G>T,p.R1045L,2,missense,0.00001648,14,23891500
121065,MYH7,c.658A>G,p.I220V,2,missense,0.00001647,14,23900868
120951,MYH7,c.4003T>G,p.S1335A,1,missense,0.00000842,14,23887585
4432,MYH7,c.1231G>A,p.V411I,1,missense,0.00000824,14,23898464
120898,MYH7,c.4823G>A,p.R1608H,3,missense,0.00002471,14,23885343
79520,MYH7,c.3749G>A,p.R1250Q,1,missense,0.00000824,14,23888796
120873,MYH7,c.5105C>T,p.A1702V,1,missense,0.00000824,14,23884890
121082,MYH7,c.253G>C,p.D85H,2,missense,0.00001647,14,23902385
120882,MYH7,c.5026C>T,p.R1676W,1,missense,0.00000824,14,23884969
120969,MYH7,c.3493A>G,p.K1165E,1,missense,0.00001267,14,23889287
21451,MYH7,c.916A>G,p.N306D,1,missense,0.00000829,14,23899852
8585,MYH7,c.1370T>C,p.I457T,1,missense,0.00000824,14,23898201
120837,MYH7,c.5725C>T,p.R1909W,4,missense,0.00003295,14,23883033
4654,MYH7,c.4487A>C,p.E1496A,3,missense,0.00002471,14,23886394
49263,MYH7,c.3982G>A,p.A1328T,5,missense,0.00004312,14,23887606
120855,MYH7,c.5374G>A,p.D1792N,1,missense,0.00000824,14,23884389
121038,MYH7,c.1630A>G,p.T544A,2,missense,0.00001647,14,23897052
120924,MYH7,c.4441C>T,p.L1481F,1,missense,0.00000824,14,23886440
12806,MYH7,c.2636C>A,p.S879Y,2,missense,0.00001648,14,23894021
121011,MYH7,c.2400G>T,p.E800D,1,missense,0.00000824,14,23894514
120360,MYL2,c.413T>A,p.M138K,1,missense,0.00000826,12,111348969
120379,MYL2,c.58A>G,p.M20V,1,missense,0.00000827,12,111356943
120351,MYL2,c.469C>T,p.H157Y,2,missense,0.00001648,12,111348913
120368,MYL2,c.278C>T,p.A93V,1,missense,0.00000824,12,111351125
16232,MYL2,c.359G>A,p.R120Q,7,missense,0.00005766,12,111350943
120358,MYL2,c.428C>T,p.P143L,3,missense,0.00002475,12,111348954
120376,MYL2,c.64G>C,p.E22Q,1,missense,0.00000827,12,111356937
79325,MYL2,c.298C>G,p.L100V,5,missense,0.00004118,12,111351105
120384,MYL2,c.28G>A,p.A10T,1,missense,0.00000832,12,111356973
120365,MYL2,c.321C>A,p.D107E,1,missense,0.00000824,12,111351082
13335,MYL2,c.459G>C,p.K153N,3,missense,0.00002472,12,111348923
120356,MYL2,c.430C>G,p.P144A,8,missense,0.00006601,12,111348952
120374,MYL2,c.124G>T,p.G42C,1,missense,0.00000824,12,111353564
120363,MYL2,c.355G>A,p.V119I,5,missense,0.00004118,12,111350947
51216,MYL2,c.304G>A,p.A102T,2,missense,0.00001647,12,111351099
120382,MYL2,c.31G>A,p.G11R,2,missense,0.00001662,12,111356970
4702,MYL2,c.173G>A,p.R58Q,1,missense,0.00000828,12,111352091
120354,MYL2,c.437T>C,p.V146A,1,missense,0.00000825,12,111348945
51213,MYL2,c.374C>T,p.T125M,5,missense,0.00004118,12,111350928
120371,MYL2,c.241G>A,p.V81M,2,missense,0.00001647,12,111352023
120361,MYL2,c.403G>T,p.V135F,2,missense,0.00001655,12,111348979
120380,MYL2,c.49G>A,p.V17M,2,missense,0.00001655,12,111356952
120352,MYL2,c.466G>T,p.V156L,2,missense,0.00001648,12,111348916
120369,MYL2,c.257T>C,p.F86S,1,missense,0.00000824,12,111352007
22102,MYL2,c.433G>A,p.D145N,1,missense,0.00000825,12,111348949
120359,MYL2,c.424T>G,p.F142V,1,missense,0.00000825,12,111348958
120378,MYL2,c.59T>A,p.M20K,1,missense,0.00000827,12,111356942
120350,MYL2,c.475A>G,p.I159V,1,missense,0.00000824,12,111348907
120367,MYL2,c.301A>G,p.N101D,1,missense,0.00000824,12,111351102
13336,MYL2,c.380C>T,p.A127V,3,missense,0.00002471,12,111350922
120385,MYL2,c.7C>A,p.P3T,1,missense,0.00000853,12,111356994
120357,MYL2,c.430C>A,p.P144T,1,missense,0.00000825,12,111348952
120375,MYL2,c.97T>C,p.F33L,1,missense,0.00000824,12,111353591
120364,MYL2,c.337G>T,p.V113L,1,missense,0.00000824,12,111351066
51218,MYL2,c.229A>G,p.I77V,1,missense,0.00000824,12,111352035
120383,MYL2,c.31G>T,p.G11W,1,missense,0.00000831,12,111356970
4704,MYL2,c.310A>G,p.K104E,1,missense,0.00000824,12,111351093
120355,MYL2,c.431C>G,p.P144R,2,missense,0.00001650,12,111348951
120372,MYL2,c.203A>G,p.E68G,1,missense,0.00000824,12,111352061
51214,MYL2,c.366G>T,p.M122I,1,missense,0.00000824,12,111350936
120362,MYL2,c.358C>G,p.R120G,1,missense,0.00000824,12,111350944
4700,MYL2,c.64G>A,p.E22K,1,missense,0.00000827,12,111356937
120381,MYL2,c.34G>T,p.G12C,1,missense,0.00000830,12,111356967
120353,MYL2,c.454T>C,p.Y152H,2,missense,0.00001648,12,111348928
120370,MYL2,c.256T>C,p.F86L,4,missense,0.00003295,12,111352008
51212,MYL2,c.436G>A,p.V146M,5,missense,0.00004123,12,111348946
4718,MYL3,c.466G>A,p.V156M,2,missense,0.00001647,3,46900980
116409,MYL3,c.152T>C,p.I51T,2,missense,0.00001652,3,46902455
116384,MYL3,c.493A>G,p.T165A,1,missense,0.00000825,3,46899940
116400,MYL3,c.245C>T,p.A82V,4,missense,0.00003298,3,46902228
22140,MYL3,c.446T>C,p.M149T,1,missense,0.00000824,3,46901000
116416,MYL3,c.85C>G,p.P29A,1,missense,0.00000824,3,46904796
116391,MYL3,c.400G>T,p.V134L,1,missense,0.00000824,3,46901046
116407,MYL3,c.176T>C,p.M59T,1,missense,0.00000824,3,46902297
76915,MYL3,c.8C>A,p.P3H,1,missense,0.00000832,3,46904873
4711,MYL3,c.170C>G,p.A57G,11,missense,0.00009066,3,46902303
116398,MYL3,c.280C>T,p.R94C,1,missense,0.00000826,3,46902193
116414,MYL3,c.94C>T,p.P32S,2,missense,0.00001648,3,46904787
13388,MYL3,c.4G>C,p.A2P,5,missense,0.00004159,3,46904877
116389,MYL3,c.456G>T,p.E152D,1,missense,0.00000824,3,46900990
116405,MYL3,c.187C>T,p.R63C,1,missense,0.00000824,3,46902286
51270,MYL3,c.91C>T,p.R31C,2,missense,0.00001648,3,46904790
116421,MYL3,c.17C>G,p.P6R,1,missense,0.00000828,3,46904864
116396,MYL3,c.301C>G,p.Q101E,1,missense,0.00000827,3,46902172
13385,MYL3,c.188G>A,p.R63H,3,missense,0.00002472,3,46902285
116412,MYL3,c.136T>C,p.F46L,1,missense,0.00000827,3,46902471
116387,MYL3,c.476C>T,p.T159M,3,missense,0.00002471,3,46900970
116419,MYL3,c.36T>G,p.D12E,1,missense,0.00000825,3,46904845
116403,MYL3,c.202G>C,p.E68Q,1,missense,0.00000824,3,46902271
51267,MYL3,c.374A>G,p.K125R,1,missense,0.00000824,3,46901072
116394,MYL3,c.317C>A,p.T106N,1,missense,0.00000824,3,46901129
116410,MYL3,c.152T>G,p.I51S,1,missense,0.00000826,3,46902455
13383,MYL3,c.460C>T,p.R154C,2,missense,0.00001647,3,46900986
116401,MYL3,c.241C>T,p.R81W,1,missense,0.00000824,3,46902232
116385,MYL3,c.488G>C,p.R163T,1,missense,0.00000826,3,46899945
51265,MYL3,c.557A>C,p.E186A,1,missense,0.00000824,3,46899876
116417,MYL3,c.82G>A,p.E28K,1,missense,0.00000824,3,46904799
116392,MYL3,c.389A>T,p.Y130F,1,missense,0.00000824,3,46901057
4716,MYL3,c.461G>A,p.R154H,3,missense,0.00002471,3,46900985
116408,MYL3,c.160T>G,p.F54V,1,missense,0.00000824,3,46902313
116383,MYL3,c.521C>T,p.A174V,1,missense,0.00000824,3,46899912
116399,MYL3,c.274G>A,p.V92M,1,missense,0.00000825,3,46902199
116415,MYL3,c.91C>G,p.R31G,1,missense,0.00000824,3,46904790
17350,MYL3,c.530A>G,p.E177G,6,missense,0.00004945,3,46899903
116390,MYL3,c.439A>G,p.T147A,1,missense,0.00000824,3,46901007
116406,MYL3,c.184G>A,p.D62N,1,missense,0.00000824,3,46902289
51271,MYL3,c.73C>T,p.P25S,2,missense,0.00001648,3,46904808
116422,MYL3,c.1A>G,p.Met1?,2,missense,0.00001666,3,46904880
116397,MYL3,c.294G>T,p.K98N,1,missense,0.00000827,3,46902179
13387,MYL3,c.55G>T,p.A19S,3,missense,0.00002473,3,46904826
116413,MYL3,c.106G>A,p.E36K,1,missense,0.00000824,3,46904775
116388,MYL3,c.461G>T,p.R154L,1,missense,0.00000824,3,46900985
51269,MYL3,c.227G>A,p.C76Y,1,missense,0.00000824,3,46902246
116404,MYL3,c.194C>G,p.P65R,1,missense,0.00000824,3,46902279
116420,MYL3,c.30G>C,p.K10N,1,missense,0.00000826,3,46904851
116395,MYL3,c.311T>C,p.L104P,1,missense,0.00000824,3,46901135
116411,MYL3,c.140C>T,p.T47I,3,missense,0.00002480,3,46902467
13384,MYL3,c.235G>A,p.V79I,4,missense,0.00003297,3,46902238
116386,MYL3,c.485A>G,p.E162G,1,missense,0.00000826,3,46899948
116418,MYL3,c.61C>T,p.P21S,1,missense,0.00000824,3,46904820
116402,MYL3,c.220G>A,p.G74R,7,missense,0.00005769,3,46902253
51266,MYL3,c.484G>A,p.E162K,1,missense,0.00000826,3,46899949
116393,MYL3,c.347C>T,p.P116L,2,missense,0.00001647,3,46901099
5867,TNNI3,c.497C>T,p.S166F,1,missense,0.00000834,19,55665450
122119,TNNI3,c.322G>A,p.D108N,1,missense,0.00000832,19,55666159
122136,TNNI3,c.166A>G,p.I56V,1,missense,0.00001231,19,55667685
122110,TNNI3,c.482C>T,p.A161V,2,missense,0.00001664,19,55665465
122127,TNNI3,c.263T>G,p.L88R,1,missense,0.00000890,19,55667588
122144,TNNI3,c.23C>T,p.A8V,1,missense,0.00000931,19,55668665
62806,TNNI3,c.428C>A,p.T143N,3,missense,0.00002490,19,55665519
122117,TNNI3,c.340A>G,p.I114V,1,missense,0.00000833,19,55666141
5865,TNNI3,c.485G>A,p.R162Q,3,missense,0.00002498,19,55665462
122134,TNNI3,c.200A>T,p.E67V,3,missense,0.00003250,19,55667651
122108,TNNI3,c.556C>T,p.R186W,1,missense,0.00000830,19,55663279
122125,TNNI3,c.278T>C,p.L93P,1,missense,0.00000883,19,55667573
21492,TNNI3,c.92C>T,p.T31M,1,missense,0.00001723,19,55668434
122142,TNNI3,c.52C>A,p.P18T,2,missense,0.00002876,19,55668474
122115,TNNI3,c.368C>T,p.T123M,3,missense,0.00002526,19,55666113
5860,TNNI3,c.434G>A,p.R145Q,3,missense,0.00002490,19,55665513
122132,TNNI3,c.236G>T,p.R79L,5,missense,0.00004684,19,55667615
122106,TNNI3,c.581A>C,p.N194T,1,missense,0.00000828,19,55663254
122122,TNNI3,c.298C>T,p.L100F,1,missense,0.00000834,19,55666183
122140,TNNI3,c.57C>G,p.I19M,1,missense,0.00001447,19,55668469
15883,TNNI3,c.356C>A,p.T119N,4,missense,0.00003344,19,55666125
122130,TNNI3,c.245C>G,p.P82R,1,missense,0.00000921,19,55667606
122113,TNNI3,c.421C>T,p.R141W,1,missense,0.00000830,19,55665526
5846,TNNI3,c.220C>A,p.R74S,2,missense,0.00001967,19,55667631
122104,TNNI3,c.611G>T,p.R204L,1,missense,0.00000828,19,55663224
122120,TNNI3,c.318G>C,p.K106N,5,missense,0.00004160,19,55666163
122111,TNNI3,c.463A>G,p.M155V,1,missense,0.00000830,19,55665484
5880,TNNI3,c.586G>A,p.D196N,1,missense,0.00000828,19,55663249
122137,TNNI3,c.158T>G,p.L53R,1,missense,0.00001274,19,55667693
122128,TNNI3,c.259G>A,p.G87R,1,missense,0.00000894,19,55667592
80540,TNNI3,c.167T>C,p.I56T,2,missense,0.00002453,19,55667684
122118,TNNI3,c.331A>G,p.R111G,4,missense,0.00003329,19,55666150
5866,TNNI3,c.484C>T,p.R162W,4,missense,0.00003328,19,55665463
122135,TNNI3,c.178G>C,p.E60Q,4,missense,0.00004720,19,55667673
122109,TNNI3,c.541A>G,p.T181A,1,missense,0.00000841,19,55665406
122126,TNNI3,c.272C>T,p.A91V,1,missense,0.00000885,19,55667579
122143,TNNI3,c.34C>T,p.P12S,3,missense,0.00004276,19,55668492
49325,TNNI3,c.304G>A,p.A102T,3,missense,0.00002499,19,55666177
122116,TNNI3,c.341T>C,p.I114T,1,missense,0.00000833,19,55666140
5861,TNNI3,c.433C>T,p.R145W,1,missense,0.00000830,19,55665514
122107,TNNI3,c.561G>T,p.E187D,1,missense,0.00000829,19,55663274
122133,TNNI3,c.220C>G,p.R74G,1,missense,0.00000983,19,55667631
122123,TNNI3,c.292C>G,p.R98G,1,missense,0.00000835,19,55666189
24300,TNNI3,c.293G>A,p.R98Q,1,missense,0.00000835,19,55666188
122141,TNNI3,c.55A>G,p.I19V,3,missense,0.00004328,19,55668471
122131,TNNI3,c.239G>A,p.C80Y,1,missense,0.00000930,19,55667612
122114,TNNI3,c.370G>C,p.E124Q,1,missense,0.00000844,19,55666111
5855,TNNI3,c.407G>A,p.R136Q,1,missense,0.00000831,19,55665540
122105,TNNI3,c.603G>C,p.M201I,1,missense,0.00000828,19,55663232
122121,TNNI3,c.308G>A,p.R103H,2,missense,0.00001665,19,55666173
122138,TNNI3,c.157C>G,p.L53V,1,missense,0.00001311,19,55667694
122112,TNNI3,c.439G>C,p.V147L,1,missense,0.00000830,19,55665508
15417,TNNI3,c.347C>G,p.A116G,2,missense,0.00001668,19,55666134
122129,TNNI3,c.250G>C,p.E84Q,1,missense,0.00000906,19,55667601
5840,TNNI3,c.5C>T,p.A2V,4,missense,0.00003325,19,55668953
80541,TNNI3,c.34C>A,p.P12T,1,missense,0.00001425,19,55668492
106106,TNNT2,c.101C>T,p.A34V,1,missense,0.00000824,1,201337322
106079,TNNT2,c.553G>T,p.G185W,1,missense,0.00000824,1,201332441
106097,TNNT2,c.235A>T,p.I79F,2,missense,0.00001695,1,201334767
12822,TNNT2,c.178A>G,p.M60V,6,missense,0.00004946,1,201335991
106113,TNNT2,c.34G>A,p.E12K,1,missense,0.00000824,1,201342349
106070,TNNT2,c.863A>G,p.K288R,1,missense,0.00001146,1,201328342
5918,TNNT2,c.391C>T,p.R131W,1,missense,0.00000864,1,201333494
106088,TNNT2,c.425A>G,p.N142S,1,missense,0.00000865,1,201333460
21466,TNNT2,c.83C>A,p.A28E,1,missense,0.00000825,1,201337340
106104,TNNT2,c.115G>A,p.E39K,2,missense,0.00001648,1,201337308
106077,TNNT2,c.652G>T,p.V218L,4,missense,0.00003295,1,201331078
12820,TNNT2,c.583G>A,p.E195K,2,missense,0.00001648,1,201331147
106095,TNNT2,c.284T>C,p.M95T,1,missense,0.00000824,1,201334416
75053,TNNT2,c.145G>C,p.E49Q,1,missense,0.00000824,1,201336923
5904,TNNT2,c.274C>T,p.R92W,1,missense,0.00000824,1,201334426
106111,TNNT2,c.67G>A,p.E23K,1,missense,0.00000824,1,201341155
106086,TNNT2,c.467G>A,p.R156K,1,missense,0.00000824,1,201332527
106102,TNNT2,c.164C>A,p.A55D,1,missense,0.00000824,1,201336904
21459,TNNT2,c.857G>T,p.R286L,1,missense,0.00001126,1,201328348
106075,TNNT2,c.749T>A,p.L250Q,2,missense,0.00001647,1,201330438
106093,TNNT2,c.373G>A,p.D125N,1,missense,0.00000824,1,201334327
60608,TNNT2,c.431G>A,p.R144Q,2,missense,0.00001743,1,201333454
12817,TNNT2,c.853G>A,p.G285R,6,missense,0.00006641,1,201328352
106109,TNNT2,c.80C>G,p.A27G,2,missense,0.00001651,1,201337343
106082,TNNT2,c.528G>C,p.K176N,1,missense,0.00000824,1,201332466
5895,TNNT2,c.230C>T,p.P77L,4,missense,0.00003396,1,201334772
106100,TNNT2,c.200C>T,p.P67L,2,missense,0.00001648,1,201335969
15857,TNNT2,c.629A>T,p.K210M,1,missense,0.00000824,1,201331101
106073,TNNT2,c.805A>G,p.N269D,1,missense,0.00001732,1,201328767
5947,TNNT2,c.856C>T,p.R286C,1,missense,0.00001119,1,201328349
49283,TNNT2,c.734C>T,p.A245V,1,missense,0.00000824,1,201330453
106091,TNNT2,c.401G>A,p.R134Q,1,missense,0.00000862,1,201333484
106107,TNNT2,c.91G>A,p.D31N,1,missense,0.00000825,1,201337332
106080,TNNT2,c.547C>T,p.H183Y,1,missense,0.00000824,1,201332447
12827,TNNT2,c.10A>C,p.I4L,2,missense,0.00001647,1,201342373
106098,TNNT2,c.224T>G,p.V75G,2,missense,0.00001702,1,201334778
106114,TNNT2,c.4T>C,p.S2P,1,missense,0.00000824,1,201342379
106071,TNNT2,c.835G>A,p.G279R,1,missense,0.00001072,1,201328370
5920,TNNT2,c.406G>A,p.E136K,1,missense,0.00000861,1,201333479
106089,TNNT2,c.418A>G,p.I140V,1,missense,0.00000862,1,201333467
49280,TNNT2,c.782T>C,p.I261T,1,missense,0.00001914,1,201328790
106105,TNNT2,c.106G>C,p.A36P,6,missense,0.00004945,1,201337317
106078,TNNT2,c.640G>A,p.E214K,1,missense,0.00000824,1,201331090
106096,TNNT2,c.283A>G,p.M95V,2,missense,0.00001648,1,201334417
12821,TNNT2,c.408G>T,p.E136D,1,missense,0.00000862,1,201333477
75054,TNNT2,c.59C>T,p.A20V,1,missense,0.00000828,1,201341163
5910,TNNT2,c.311C>T,p.A104V,1,missense,0.00000824,1,201334389
106112,TNNT2,c.40G>A,p.E14K,2,missense,0.00001647,1,201342343
21464,TNNT2,c.452G>A,p.R151H,1,missense,0.00000907,1,201333433
106103,TNNT2,c.150G>T,p.E50D,1,missense,0.00000824,1,201336918
106087,TNNT2,c.449A>G,p.N150S,1,missense,0.00000897,1,201333436
106076,TNNT2,c.700A>G,p.K234E,1,missense,0.00000824,1,201330487
12818,TNNT2,c.745G>A,p.D249N,2,missense,0.00001647,1,201330442
106094,TNNT2,c.358C>G,p.L120V,1,missense,0.00000824,1,201334342
106110,TNNT2,c.80C>A,p.A27E,1,missense,0.00000825,1,201337343
106083,TNNT2,c.488A>G,p.E163G,1,missense,0.00000824,1,201332506
75051,TNNT2,c.523A>C,p.K175Q,1,missense,0.00000824,1,201332471
5899,TNNT2,c.257A>C,p.D86A,1,missense,0.00000850,1,201334745
106101,TNNT2,c.199C>A,p.P67T,1,missense,0.00000824,1,201335970
20669,TNNT2,c.218A>G,p.N73S,2,missense,0.00001707,1,201334784
106074,TNNT2,c.794G>A,p.R265Q,1,missense,0.00001813,1,201328778
106092,TNNT2,c.374A>G,p.D125G,1,missense,0.00000824,1,201334326
49286,TNNT2,c.587G>A,p.R196Q,2,missense,0.00001648,1,201331143
5948,TNNT2,c.857G>A,p.R286H,7,missense,0.00007882,1,201328348
106081,TNNT2,c.546G>A,p.M182I,1,missense,0.00000824,1,201332448
106108,TNNT2,c.82G>A,p.A28T,4,missense,0.00003301,1,201337341
15415,TNNT2,c.833G>A,p.R278H,2,missense,0.00002144,1,201328372
106099,TNNT2,c.206C>T,p.S69L,1,missense,0.00000868,1,201334796
5924,TNNT2,c.430C>T,p.R144W,4,missense,0.00003481,1,201333455
106072,TNNT2,c.808G>T,p.D270Y,1,missense,0.00001717,1,201328764
106090,TNNT2,c.406G>C,p.E136Q,1,missense,0.00000861,1,201333479
49282,TNNT2,c.749T>C,p.L250P,1,missense,0.00000824,1,201330438
121218,TPM1,c.814G>A,p.E272K,2,missense,0.00001696,15,63356304
121202,TPM1,c.302G>A,p.R101H,2,missense,0.00001647,15,63349245
73896,TPM1,c.841A>G,p.M281V,3,missense,0.00002681,15,63356331
121209,TPM1,c.511A>G,p.I171V,1,missense,0.00000824,15,63353086
121200,TPM1,c.301C>G,p.R101G,1,missense,0.00000824,15,63349244
121216,TPM1,c.775G>A,p.E259K,1,missense,0.00000840,15,63356265
49399,TPM1,c.532C>T,p.R178C,1,missense,0.00000824,15,63353107
121207,TPM1,c.410A>G,p.D137G,1,missense,0.00000824,15,63351797
121198,TPM1,c.253G>A,p.V85I,1,missense,0.00000824,15,63349196
121214,TPM1,c.659G>A,p.R220K,1,missense,0.00000824,15,63354433
12857,TPM1,c.829G>A,p.A277T,4,missense,0.00003461,15,63356319
121205,TPM1,c.354G>T,p.K118N,1,missense,0.00000824,15,63349297
121196,TPM1,c.155G>T,p.G52V,1,missense,0.00000833,15,63336266
121212,TPM1,c.629A>C,p.Q210P,1,missense,0.00000827,15,63353977
5987,TPM1,c.515T>C,p.I172T,1,missense,0.00000824,15,63353090
121203,TPM1,c.314G>A,p.R105H,2,missense,0.00001647,15,63349257
121219,TPM1,c.838G>A,p.D280N,2,missense,0.00001763,15,63356328
121194,TPM1,c.62G>T,p.R21L,1,missense,0.00001004,15,63335090
121210,TPM1,c.514A>C,p.I172L,1,missense,0.00000824,15,63353089
121201,TPM1,c.301C>T,p.R101C,1,missense,0.00000824,15,63349244
121217,TPM1,c.784G>A,p.A262T,2,missense,0.00001678,15,63356274
49402,TPM1,c.797A>G,p.K266R,5,missense,0.00004200,15,63356287
121208,TPM1,c.459C>A,p.H153Q,1,missense,0.00000825,15,63351846
121199,TPM1,c.257C>G,p.A86G,1,missense,0.00000824,15,63349200
121215,TPM1,c.740C>A,p.T247N,1,missense,0.00000824,15,63354812
49396,TPM1,c.1A>G,p.M1V,1,missense,0.00000892,15,63335029
121206,TPM1,c.355G>A,p.A119T,1,missense,0.00000824,15,63349298
121197,TPM1,c.252C>G,p.D84E,1,missense,0.00000824,15,63349195
121213,TPM1,c.635A>T,p.E212V,1,missense,0.00000829,15,63353983
5994,TPM1,c.644C>T,p.S215L,1,missense,0.00000825,15,63354418
121204,TPM1,c.323C>T,p.T108I,1,missense,0.00000824,15,63349266
121220,TPM1,c.851T>C,p.I284T,1,missense,0.00000924,15,63356341
121195,TPM1,c.92C>A,p.A31E,2,missense,0.00002885,15,63335120
121211,TPM1,c.572C>T,p.A191V,1,missense,0.00000824,15,63353920
