mut_id,gene_symbol,mut_coding,mut_protein,sum(vs_case_count),mut_exac_count,mut_effect,mut_exac_frequency,mut_chromosome,mut_chr_start_source
214891,ACTC1,c.124C>T,p.H42Y,1,0,missense,0.00000000,15,35086886
214889,ACTC1,c.797C>T,p.P266L,1,0,missense,0.00000000,15,35084302
214637,ACTC1,c.83C>T,p.A28V,1,0,missense,0.00000000,15,35086927
214635,ACTC1,c.793C>G,p.Q265E,2,0,missense,0.00000000,15,35084306
121188,ACTC1,c.229A>G,p.I77V,1,3,missense,0.00002471,15,35085671
2373,ACTC1,c.268C>T,p.H90Y,1,1,missense,0.00000824,15,35085632
49411,ACTC1,c.1099G>A,p.A367T,1,0,missense,0.00000000,15,35082648
214892,ACTC1,c.110T>C,p.V37A,1,0,missense,0.00000000,15,35086900
214890,ACTC1,c.752C>G,p.T251S,1,0,missense,0.00000000,15,35084347
214888,ACTC1,c.1069A>G,p.M357V,1,0,missense,0.00000000,15,35082678
214636,ACTC1,c.850A>T,p.I284F,2,0,missense,0.00000000,15,35083455
214634,ACTC1,c.76G>A,p.D26N,2,0,missense,0.00000000,15,35086934
2362,ACTC1,c.301G>A,p.E101K,5,1,missense,0.00000824,15,35085599
40623,ACTC1,c.28C>A,p.L10M,2,3,missense,0.00002517,15,35086982
4299,MYBPC3,c.3742G>A,p.G1248R,1,4,missense,0.00003324,11,47353695
74258,MYBPC3,c.481C>A,p.P161T,1,1,missense,0.00004148,11,47371589
214908,MYBPC3,c.3751T>C,p.Y1251H,2,0,missense,0.00000000,11,47353686
4269,MYBPC3,c.3049G>A,p.E1017K,1,10,missense,0.00008516,11,47355249
119827,MYBPC3,c.1123G>A,p.V375M,3,1,missense,0.00000939,11,47365143
214664,MYBPC3,c.1418T>C,p.F473S,1,0,missense,0.00000000,11,47364420
119834,MYBPC3,c.1072G>A,p.D358N,1,1,missense,0.00000835,11,47367776
214670,MYBPC3,c.1950C>G,p.D650E,1,0,missense,0.00000000,11,47361319
4201,MYBPC3,c.1766G>A,p.R589H,2,0,missense,0.00000000,11,47363566
214906,MYBPC3,c.3798C>G,p.C1266W,4,0,missense,0.00000000,11,47353639
4249,MYBPC3,c.2654C>T,p.T885M,1,1,missense,0.00002217,11,47357511
214662,MYBPC3,c.1037G>A,p.R346H,3,0,missense,0.00000000,11,47367811
119818,MYBPC3,c.1291G>A,p.D431N,1,3,missense,0.00002811,11,47364632
4195,MYBPC3,c.1591G>C,p.G531R,1,2,missense,0.00001732,11,47364162
119803,MYBPC3,c.1471G>A,p.V491M,1,7,missense,0.00005813,11,47364282
4270,MYBPC3,c.3065G>C,p.R1022P,6,3,missense,0.00002520,11,47355233
119785,MYBPC3,c.1720C>T,p.R574W,3,5,missense,0.00005411,11,47363612
119693,MYBPC3,c.3064C>T,p.R1022C,5,1,missense,0.00000840,11,47355234
4264,MYBPC3,c.2993A>G,p.Q998R,1,0,missense,0.00000000,11,47355474
4215,MYBPC3,c.2030C>T,p.P677L,1,0,missense,0.00000000,11,47361239
4120,MYBPC3,c.223G>A,p.D75N,1,3,missense,0.00009129,11,47372859
214945,MYBPC3,c.241G>T,p.V81F,1,0,missense,0.00000000,11,47372841
4232,MYBPC3,c.2374T>C,p.W792R,5,0,missense,0.00000000,11,47359280
119749,MYBPC3,c.2249C>T,p.T750M,1,3,missense,0.00002489,11,47360130
119836,MYBPC3,c.1021G>A,p.G341S,2,3,missense,0.00002584,11,47367827
4160,MYBPC3,c.844C>T,p.R282W,2,0,missense,0.00000000,11,47369209
119746,MYBPC3,c.2300A>G,p.K767R,2,2,missense,0.00001659,11,47360079
214942,MYBPC3,c.701C>A,p.T234N,1,0,missense,0.00000000,11,47370046
20687,MYBPC3,c.3797G>A,p.C1266Y,1,0,missense,0.00000000,11,47353640
214676,MYBPC3,c.3065G>A,p.R1022H,1,0,missense,0.00000000,11,47355233
214939,MYBPC3,c.1097A>C,p.Q366P,1,0,missense,0.00000000,11,47365169
4152,MYBPC3,c.772G>A,p.E258K,68,3,missense,0.00003903,11,47369975
119733,MYBPC3,c.2503C>T,p.R835C,1,3,missense,0.00002487,11,47359041
214666,MYBPC3,c.1535T>A,p.L512Q,1,0,missense,0.00000000,11,47364218
40621,MYBPC3,c.1343T>C,p.F448S,1,0,missense,0.00000000,11,47364580
214935,MYBPC3,c.1231A>G,p.I411V,1,0,missense,0.00000000,11,47364692
123358,MYBPC3,c.3019T>C,p.W1007R,1,0,missense,0.00000000,11,47355279
4185,MYBPC3,c.1483C>G,p.R495G,14,0,missense,0.00000000,11,47364270
20684,MYBPC3,c.2909G>A,p.R970Q,1,1,missense,0.00003251,11,47355558
49355,MYBPC3,c.2560A>G,p.M854V,1,0,missense,0.00000000,11,47358984
214930,MYBPC3,c.1731G>C,p.W577C,1,0,missense,0.00000000,11,47363601
4224,MYBPC3,c.2234A>G,p.D745G,1,0,missense,0.00000000,11,47360145
214674,MYBPC3,c.2533C>T,p.R845C,1,0,missense,0.00000000,11,47359011
214647,MYBPC3,c.3G>C,p.Met1?,1,0,missense,0.00000000,11,47374196
15421,MYBPC3,c.1456T>G,p.W486G,2,0,missense,0.00000000,11,47364382
15426,MYBPC3,c.2320G>A,p.A774T,2,0,missense,0.00000000,11,47359334
214928,MYBPC3,c.1886T>C,p.L629P,2,0,missense,0.00000000,11,47362700
79010,MYBPC3,c.104G>A,p.R35Q,1,7,missense,0.00007909,11,47372978
4259,MYBPC3,c.2873C>T,p.T958I,4,7,missense,0.00006506,11,47356625
119659,MYBPC3,c.3452C>T,p.A1151V,1,6,missense,0.00007889,11,47354403
4284,MYBPC3,c.3373G>A,p.V1125M,2,2,missense,0.00002276,11,47354482
4132,MYBPC3,c.532G>A,p.V178M,3,2,missense,0.00002045,11,47371447
4291,MYBPC3,c.3580G>A,p.A1194T,1,1,missense,0.00000835,11,47354164
119652,MYBPC3,c.3572C>T,p.S1191L,1,2,missense,0.00001675,11,47354172
4229,MYBPC3,c.2308G>A,p.D770N,11,1,missense,0.00000830,11,47360071
21501,MYBPC3,c.2170C>T,p.R724W,1,2,missense,0.00001900,11,47360209
214923,MYBPC3,c.2381C>A,p.P794Q,1,0,missense,0.00000000,11,47359273
119699,MYBPC3,c.2938C>T,p.R980C,1,2,missense,0.00006245,11,47355529
214685,MYBPC3,c.436A>C,p.T146P,1,0,missense,0.00000000,11,47371634
4137,MYBPC3,c.636C>G,p.S212R,2,0,missense,0.00000000,11,47371343
119788,MYBPC3,c.1672G>A,p.A558T,1,1,missense,0.00000848,11,47363660
214919,MYBPC3,c.2834G>A,p.R945Q,1,0,missense,0.00000000,11,47356664
119728,MYBPC3,c.2557G>A,p.G853S,1,1,missense,0.00000853,11,47358987
119718,MYBPC3,c.2641G>A,p.V881I,1,1,missense,0.00001863,11,47357524
119649,MYBPC3,c.3614G>A,p.R1205Q,1,2,missense,0.00001674,11,47354130
214683,MYBPC3,c.931T>A,p.S311T,1,0,missense,0.00000000,11,47367917
4146,MYBPC3,c.710A>C,p.Y237S,6,0,missense,0.00000000,11,47370037
49386,MYBPC3,c.148A>G,p.S50G,1,3,missense,0.00003887,11,47372934
4297,MYBPC3,c.3713T>C,p.L1238P,1,0,missense,0.00000000,11,47353724
119810,MYBPC3,c.1397T>A,p.M466K,1,1,missense,0.00000867,11,47364441
214917,MYBPC3,c.2968C>G,p.P990A,1,0,missense,0.00000000,11,47355499
119639,MYBPC3,c.3791G>A,p.C1264Y,1,1,missense,0.00000842,11,47353646
79007,MYBPC3,c.188G>A,p.R63Q,1,2,missense,0.00003933,11,47372894
214681,MYBPC3,c.518C>A,p.T173N,1,0,missense,0.00000000,11,47371461
4116,MYBPC3,c.103C>T,p.R35W,1,5,missense,0.00005626,11,47372979
214914,MYBPC3,c.3256T>C,p.W1086R,1,0,missense,0.00000000,11,47354819
49384,MYBPC3,c.373G>T,p.A125S,2,0,missense,0.00000000,11,47372086
214678,MYBPC3,c.3281A>T,p.N1094I,1,0,missense,0.00000000,11,47354794
119861,MYBPC3,c.631G>A,p.D211N,1,1,missense,0.00000903,11,47371348
4227,MYBPC3,c.2269G>A,p.V757M,2,8,missense,0.00006633,11,47360110
214911,MYBPC3,c.3614G>C,p.R1205P,1,0,missense,0.00000000,11,47354130
119669,MYBPC3,c.3277G>T,p.G1093C,4,1,missense,0.00002053,11,47354798
4156,MYBPC3,c.818G>A,p.R273H,2,1,missense,0.00004268,11,47369411
214673,MYBPC3,c.2525A>G,p.Y842C,1,0,missense,0.00000000,11,47359019
8644,MYBPC3,c.932C>T,p.S311L,1,0,missense,0.00000000,11,47367916
214909,MYBPC3,c.3739G>A,p.D1247N,1,0,missense,0.00000000,11,47353698
4272,MYBPC3,c.3083C>G,p.T1028S,1,0,missense,0.00000000,11,47355215
214671,MYBPC3,c.2436G>T,p.K812N,1,0,missense,0.00000000,11,47359108
20676,MYBPC3,c.1021G>C,p.G341R,1,0,missense,0.00000000,11,47367827
4155,MYBPC3,c.814C>T,p.R272C,2,2,missense,0.00008379,11,47369415
214907,MYBPC3,c.3752A>G,p.Y1251C,2,0,missense,0.00000000,11,47353685
61132,MYBPC3,c.2828G>A,p.R943Q,1,3,missense,0.00002554,11,47356670
214663,MYBPC3,c.1188G>T,p.W396C,1,0,missense,0.00000000,11,47365078
79002,MYBPC3,c.1112C>T,p.P371L,1,3,missense,0.00002829,11,47365154
214669,MYBPC3,c.1934C>T,p.P645L,2,0,missense,0.00000000,11,47361335
8647,MYBPC3,c.1153G>A,p.V385M,1,1,missense,0.00001011,11,47365113
119807,MYBPC3,c.1433C>T,p.S478L,1,2,missense,0.00001702,11,47364405
214645,MYBPC3,c.2939G>A,p.R980H,1,0,missense,0.00000000,11,47355528
119786,MYBPC3,c.1685C>T,p.A562V,1,1,missense,0.00000860,11,47363647
8652,MYBPC3,c.1591G>A,p.G531R,4,2,missense,0.00001732,11,47364162
4301,MYBPC3,c.3763G>A,p.A1255T,4,9,missense,0.00007504,11,47353674
4189,MYBPC3,c.1504C>T,p.R502W,104,3,missense,0.00002486,11,47364249
21502,MYBPC3,c.1789C>T,p.R597W,1,1,missense,0.00003821,11,47363543
119740,MYBPC3,c.2450G>A,p.R817Q,3,2,missense,0.00001657,11,47359094
4223,MYBPC3,c.2198G>A,p.R733H,1,4,missense,0.00003404,11,47360181
215138,MYBPC3,c.1A>T,p.Met1?,1,0,missense,0.00000000,11,47374198
4141,MYBPC3,c.655G>C,p.V219L,26,0,missense,0.00000000,11,47370092
119782,MYBPC3,c.1778C>T,p.S593F,1,1,missense,0.00003456,11,47363554
214944,MYBPC3,c.365C>A,p.A122D,1,0,missense,0.00000000,11,47372094
4234,MYBPC3,c.2429G>A,p.R810H,19,4,missense,0.00003319,11,47359115
4226,MYBPC3,c.2265C>A,p.N755K,1,0,missense,0.00000000,11,47360114
123700,MYBPC3,c.1213A>G,p.M405V,2,0,missense,0.00000000,11,47365053
4236,MYBPC3,c.2432A>G,p.K811R,2,0,missense,0.00000000,11,47359112
214679,MYBPC3,c.3548T>G,p.F1183C,1,0,missense,0.00000000,11,47354196
214940,MYBPC3,c.1080G>C,p.K360N,1,0,missense,0.00000000,11,47367768
4186,MYBPC3,c.1484G>A,p.R495Q,14,1,missense,0.00000829,11,47364269
214667,MYBPC3,c.1586C>G,p.T529S,1,0,missense,0.00000000,11,47364167
119716,MYBPC3,c.2671C>T,p.R891W,1,1,missense,0.00003138,11,47357494
214675,MYBPC3,c.290C>T,p.A97V,1,0,missense,0.00000000,11,47372792
214937,MYBPC3,c.1174G>T,p.A392S,1,0,missense,0.00000000,11,47365092
4188,MYBPC3,c.1505G>A,p.R502Q,8,0,missense,0.00000000,11,47364248
4242,MYBPC3,c.2504G>T,p.R835L,1,9,missense,0.00007462,11,47359040
20677,MYBPC3,c.1790G>A,p.R597Q,3,0,missense,0.00000000,11,47363542
214665,MYBPC3,c.1505G>T,p.R502L,1,0,missense,0.00000000,11,47364248
4266,MYBPC3,c.3005G>A,p.R1002Q,2,5,missense,0.00004654,11,47355293
49356,MYBPC3,c.2518G>A,p.V840M,1,2,missense,0.00001660,11,47359026
214929,MYBPC3,c.1756C>G,p.P586A,1,0,missense,0.00000000,11,47363576
49369,MYBPC3,c.1294G>A,p.A432T,1,4,missense,0.00003756,11,47364629
62809,MYBPC3,c.2312T>C,p.V771A,1,0,missense,0.00000000,11,47359342
214668,MYBPC3,c.1841A>G,p.Y614C,2,0,missense,0.00000000,11,47362745
214933,MYBPC3,c.1455A>T,p.K485N,1,0,missense,0.00000000,11,47364383
69886,MYBPC3,c.3316G>A,p.D1106N,1,4,missense,0.00006115,11,47354759
4196,MYBPC3,c.1624G>C,p.E542Q,41,2,missense,0.00002485,11,47364129
214646,MYBPC3,c.3605G>A,p.C1202Y,1,0,missense,0.00000000,11,47354139
62819,MYBPC3,c.442G>A,p.G148R,11,1,missense,0.00004201,11,47371628
4222,MYBPC3,c.2197C>T,p.R733C,2,10,missense,0.00008557,11,47360182
49333,MYBPC3,c.3470C>T,p.P1157L,2,7,missense,0.00009378,11,47354385
4237,MYBPC3,c.2459G>A,p.R820Q,6,2,missense,0.00001657,11,47359085
17297,MYBPC3,c.2210C>T,p.T737M,4,6,missense,0.00005037,11,47360169
214926,MYBPC3,c.2219G>C,p.G740A,2,0,missense,0.00000000,11,47360160
49336,MYBPC3,c.3415G>A,p.V1139I,1,7,missense,0.00008754,11,47354440
4187,MYBPC3,c.1483C>T,p.R495W,4,0,missense,0.00000000,11,47364270
214688,MYBPC3,c.853G>A,p.D285N,1,0,missense,0.00000000,11,47369029
20678,MYBPC3,c.1828G>A,p.D610N,5,0,missense,0.00000000,11,47362758
214921,MYBPC3,c.2708G>A,p.G903D,1,0,missense,0.00000000,11,47357457
119711,MYBPC3,c.2723A>G,p.Y908C,1,1,missense,0.00006277,11,47357442
4260,MYBPC3,c.2882C>T,p.P961L,2,5,missense,0.00004813,11,47356616
119650,MYBPC3,c.3613C>T,p.R1205W,10,2,missense,0.00001673,11,47354131
119893,MYBPC3,c.49C>T,p.R17W,1,2,missense,0.00002399,11,47373033
214684,MYBPC3,c.3413G>C,p.R1138P,1,0,missense,0.00000000,11,47354442
4247,MYBPC3,c.2573G>A,p.S858N,6,0,missense,0.00000000,11,47358971
119870,MYBPC3,c.451G>A,p.D151N,1,1,missense,0.00004106,11,47371619
8655,MYBPC3,c.1960C>T,p.R654C,1,1,missense,0.00000829,11,47361309
15435,MYBPC3,c.3656T>C,p.L1219P,1,0,missense,0.00000000,11,47353781
119797,MYBPC3,c.1540A>G,p.I514V,1,1,missense,0.00000829,11,47364213
214918,MYBPC3,c.2953A>G,p.K985E,1,0,missense,0.00000000,11,47355514
49385,MYBPC3,c.187C>T,p.R63W,1,4,missense,0.00007739,11,47372895
214682,MYBPC3,c.566T>A,p.V189D,1,0,missense,0.00000000,11,47371413
119814,MYBPC3,c.1358C>T,p.P453L,1,1,missense,0.00000895,11,47364480
214915,MYBPC3,c.3206C>A,p.P1069H,1,0,missense,0.00000000,11,47354869
123362,MYBPC3,c.3746G>T,p.G1249V,1,0,missense,0.00000000,11,47353691
61155,MYBPC3,c.3771C>A,p.N1257K,9,0,missense,0.00000000,11,47353666
4133,MYBPC3,c.557C>T,p.P186L,2,5,missense,0.00004764,11,47371422
214680,MYBPC3,c.355G>A,p.E119K,3,0,missense,0.00000000,11,47372104
214912,MYBPC3,c.3364A>T,p.T1122S,1,0,missense,0.00000000,11,47354491
119645,MYBPC3,c.3676C>T,p.R1226C,2,7,missense,0.00005805,11,47353761
8643,MYBPC3,c.713G>A,p.R238H,1,8,missense,0.00007431,11,47370034
49376,MYBPC3,c.799C>G,p.L267V,1,2,missense,0.00008028,11,47369430
214677,MYBPC3,c.326C>T,p.A109V,1,0,missense,0.00000000,11,47372133
4208,MYBPC3,c.1828G>C,p.D610H,3,3,missense,0.00005827,11,47362758
214910,MYBPC3,c.3728C>G,p.P1243R,1,0,missense,0.00000000,11,47353709
62813,MYBPC3,c.3098G>A,p.R1033Q,1,0,missense,0.00000000,11,47355200
62821,MYBPC3,c.994G>A,p.E332K,1,1,missense,0.00000970,11,47367854
214672,MYBPC3,c.2449C>T,p.R817W,2,0,missense,0.00000000,11,47359095
61082,MYH7,c.4145G>A,p.R1382Q,2,0,missense,0.00000000,14,23887443
4426,MYH7,c.1208G>A,p.R403Q,15,0,missense,0.00000000,14,23898487
120978,MYH7,c.3134G>T,p.R1045L,3,2,missense,0.00001648,14,23891500
4596,MYH7,c.2770G>C,p.E924Q,1,0,missense,0.00000000,14,23893268
4593,MYH7,c.2725A>G,p.I909V,1,0,missense,0.00000000,14,23893313
214758,MYH7,c.3664A>G,p.S1222G,1,0,missense,0.00000000,14,23889116
214995,MYH7,c.1345A>T,p.T449S,1,0,missense,0.00000000,14,23898226
121043,MYH7,c.1405G>A,p.D469N,3,1,missense,0.00000824,14,23898166
4669,MYH7,c.5135G>A,p.R1712Q,16,1,missense,0.00000824,14,23884860
214705,MYH7,c.2129C>T,p.P710L,1,0,missense,0.00000000,14,23895206
214958,MYH7,c.4418A>G,p.E1473G,1,0,missense,0.00000000,14,23886463
4372,MYH7,c.611G>A,p.R204H,3,0,missense,0.00000000,14,23900998
214703,MYH7,c.1757T>C,p.V586A,3,0,missense,0.00000000,14,23896925
214956,MYH7,c.4636G>C,p.E1546Q,1,0,missense,0.00000000,14,23886085
4387,MYH7,c.728G>A,p.R243H,1,1,missense,0.00000824,14,23900798
4575,MYH7,c.2608C>T,p.R870C,2,1,missense,0.00000824,14,23894049
214755,MYH7,c.2105T>A,p.I702N,1,0,missense,0.00000000,14,23895230
214993,MYH7,c.1433T>A,p.I478N,2,0,missense,0.00000000,14,23897854
123338,MYH7,c.968T>A,p.I323N,1,0,missense,0.00000000,14,23899800
21442,MYH7,c.3138G>A,p.M1046I,1,3,missense,0.00002471,14,23891496
15412,MYH7,c.4259G>A,p.R1420Q,2,0,missense,0.00000000,14,23886806
4517,MYH7,c.2198G>A,p.G733E,2,0,missense,0.00000000,14,23894992
4476,MYH7,c.1750G>C,p.G584R,22,0,missense,0.00000000,14,23896932
4390,MYH7,c.739T>C,p.F247L,1,0,missense,0.00000000,14,23900684
74248,MYH7,c.2785G>A,p.E929K,1,0,missense,0.00000000,14,23893253
214752,MYH7,c.2502C>G,p.F834L,1,0,missense,0.00000000,14,23894155
214991,MYH7,c.1479G>A,p.M493I,1,0,missense,0.00000000,14,23897808
214701,MYH7,c.1562T>C,p.I521T,1,0,missense,0.00000000,14,23897725
214954,MYH7,c.4664A>G,p.E1555G,1,0,missense,0.00000000,14,23885502
4396,MYH7,c.789A>G,p.I263M,1,0,missense,0.00000000,14,23900634
214750,MYH7,c.2285A>G,p.K762R,1,0,missense,0.00000000,14,23894905
214989,MYH7,c.1753A>T,p.I585F,1,0,missense,0.00000000,14,23896929
12801,MYH7,c.3208G>A,p.E1070K,1,1,missense,0.00000824,14,23891426
61092,MYH7,c.925G>A,p.D309N,1,3,missense,0.00002486,14,23899843
214699,MYH7,c.1060G>A,p.G354S,1,0,missense,0.00000000,14,23899062
214951,MYH7,c.5172C>G,p.I1724M,1,0,missense,0.00000000,14,23884701
20662,MYH7,c.3578G>A,p.R1193H,1,0,missense,0.00000000,14,23889202
214754,MYH7,c.3967G>A,p.V1323I,1,0,missense,0.00000000,14,23888391
214748,MYH7,c.920C>T,p.P307L,1,0,missense,0.00000000,14,23899848
214987,MYH7,c.2273T>G,p.F758C,1,0,missense,0.00000000,14,23894917
214697,MYH7,c.507A>T,p.R169S,1,0,missense,0.00000000,14,23901711
214949,MYH7,c.5471A>G,p.N1824S,1,0,missense,0.00000000,14,23884292
4406,MYH7,c.983A>G,p.E328G,1,0,missense,0.00000000,14,23899785
214744,MYH7,c.3637G>A,p.V1213M,2,0,missense,0.00000000,14,23889143
214745,MYH7,c.4864C>T,p.L1622F,1,0,missense,0.00000000,14,23885302
214985,MYH7,c.2501T>A,p.F834Y,1,0,missense,0.00000000,14,23894156
120953,MYH7,c.3974C>T,p.A1325V,1,3,missense,0.00002618,14,23887614
4409,MYH7,c.1051A>G,p.K351E,2,0,missense,0.00000000,14,23899071
214694,MYH7,c.2470G>C,p.V824L,1,0,missense,0.00000000,14,23894187
214947,MYH7,c.5773C>T,p.R1925C,1,0,missense,0.00000000,14,23882985
214983,MYH7,c.2631G>A,p.M877I,1,0,missense,0.00000000,14,23894026
20664,MYH7,c.4030C>T,p.R1344W,1,2,missense,0.00001659,14,23887558
214739,MYH7,c.1352A>C,p.Q451P,1,0,missense,0.00000000,14,23898219
214742,MYH7,c.2178C>A,p.N726K,1,0,missense,0.00000000,14,23895012
214691,MYH7,c.1496A>G,p.E499G,1,0,missense,0.00000000,14,23897791
4425,MYH7,c.1208G>T,p.R403L,1,0,missense,0.00000000,14,23898487
4644,MYH7,c.4144C>T,p.R1382W,1,0,missense,0.00000000,14,23887444
214732,MYH7,c.2570C>T,p.T857I,1,0,missense,0.00000000,14,23894087
214738,MYH7,c.830T>C,p.L277P,1,0,missense,0.00000000,14,23900175
214981,MYH7,c.2683C>A,p.Q895K,1,0,missense,0.00000000,14,23893355
4432,MYH7,c.1231G>A,p.V411I,2,1,missense,0.00000824,14,23898464
214689,MYH7,c.2191C>G,p.P731A,1,0,missense,0.00000000,14,23894999
121054,MYH7,c.968T>C,p.I323T,1,9,missense,0.00007549,14,23899800
214736,MYH7,c.5749G>T,p.V1917F,1,0,missense,0.00000000,14,23883009
214979,MYH7,c.2707G>C,p.E903Q,1,0,missense,0.00000000,14,23893331
120901,MYH7,c.4787C>T,p.S1596L,1,5,missense,0.00004118,14,23885379
214729,MYH7,c.2401T>A,p.Y801N,1,0,missense,0.00000000,14,23894513
215014,MYH7,c.500C>T,p.T167I,1,0,missense,0.00000000,14,23901850
121089,MYH7,c.161G>A,p.R54Q,1,2,missense,0.00001649,14,23902781
62787,MYH7,c.1477A>G,p.M493V,1,0,missense,0.00000000,14,23897810
4484,MYH7,c.1816G>A,p.V606M,22,0,missense,0.00000000,14,23896866
8615,MYH7,c.4985G>A,p.R1662H,1,7,missense,0.00005769,14,23885010
214726,MYH7,c.1514G>T,p.G505V,1,0,missense,0.00000000,14,23897773
214734,MYH7,c.4436C>T,p.T1479I,1,0,missense,0.00000000,14,23886445
214977,MYH7,c.2894A>G,p.E965G,1,0,missense,0.00000000,14,23893144
120839,MYH7,c.5696T>C,p.V1899A,1,1,missense,0.00000824,14,23883062
48115,MYH7,c.1625A>G,p.K542R,1,0,missense,0.00000000,14,23897057
215010,MYH7,c.694A>C,p.N232H,1,0,missense,0.00000000,14,23900832
62790,MYH7,c.2246T>A,p.L749Q,1,0,missense,0.00000000,14,23894944
4605,MYH7,c.2845G>A,p.E949K,1,0,missense,0.00000000,14,23893193
4642,MYH7,c.4130C>T,p.T1377M,12,0,missense,0.00000000,14,23887458
4566,MYH7,c.2572C>G,p.R858G,1,0,missense,0.00000000,14,23894085
4497,MYH7,c.2011C>T,p.R671C,3,0,missense,0.00000000,14,23896019
15405,MYH7,c.872C>T,p.S291F,2,0,missense,0.00000000,14,23900133
215012,MYH7,c.595G>A,p.A199T,1,0,missense,0.00000000,14,23901014
4491,MYH7,c.1954A>G,p.R652G,2,1,missense,0.00000829,14,23896451
214728,MYH7,c.1759G>A,p.D587N,2,0,missense,0.00000000,14,23896923
214975,MYH7,c.3064A>G,p.K1022E,1,0,missense,0.00000000,14,23892791
4677,MYH7,c.5329G>A,p.A1777T,2,5,missense,0.00004118,14,23884434
214721,MYH7,c.1132A>C,p.T378P,1,0,missense,0.00000000,14,23898990
49252,MYH7,c.5029C>T,p.R1677C,1,2,missense,0.00001648,14,23884966
214720,MYH7,c.1003G>T,p.A335S,2,0,missense,0.00000000,14,23899119
214973,MYH7,c.3289G>A,p.E1097K,1,0,missense,0.00000000,14,23890214
214724,MYH7,c.135G>T,p.E45D,1,0,missense,0.00000000,14,23902807
4591,MYH7,c.2722C>G,p.L908V,21,0,missense,0.00000000,14,23893316
4565,MYH7,c.2572C>T,p.R858C,3,0,missense,0.00000000,14,23894085
4676,MYH7,c.5326A>G,p.S1776G,3,4,missense,0.00003295,14,23884437
120863,MYH7,c.5287G>A,p.A1763T,2,5,missense,0.00004118,14,23884476
61071,MYH7,c.2104A>G,p.I702V,1,0,missense,0.00000000,14,23895231
49253,MYH7,c.4817G>A,p.R1606H,4,6,missense,0.00004942,14,23885349
215008,MYH7,c.731T>G,p.F244C,1,0,missense,0.00000000,14,23900795
4625,MYH7,c.3346G>A,p.E1116K,2,0,missense,0.00000000,14,23889434
214718,MYH7,c.848A>G,p.Y283C,1,0,missense,0.00000000,14,23900157
214971,MYH7,c.3341G>A,p.R1114H,1,0,missense,0.00000000,14,23889439
4688,MYH7,c.5647G>A,p.E1883K,1,0,missense,0.00000000,14,23883224
214693,MYH7,c.611G>T,p.R204L,4,0,missense,0.00000000,14,23900998
120919,MYH7,c.4525A>C,p.I1509L,1,2,missense,0.00001647,14,23886196
215006,MYH7,c.793A>T,p.T265S,1,0,missense,0.00000000,14,23900630
4440,MYH7,c.1324C>T,p.R442C,3,1,missense,0.00000824,14,23898247
4509,MYH7,c.2155C>T,p.R719W,10,0,missense,0.00000000,14,23895180
4584,MYH7,c.2681A>G,p.E894G,11,0,missense,0.00000000,14,23893357
4512,MYH7,c.2167C>G,p.R723G,2,0,missense,0.00000000,14,23895023
120932,MYH7,c.4283T>C,p.L1428S,1,4,missense,0.00003295,14,23886782
123669,MYH7,c.2220G>T,p.K740N,2,0,missense,0.00000000,14,23894970
20668,MYH7,c.5740G>A,p.E1914K,1,0,missense,0.00000000,14,23883018
214716,MYH7,c.5380C>A,p.Q1794K,3,0,missense,0.00000000,14,23884383
214969,MYH7,c.3428T>G,p.L1143R,1,0,missense,0.00000000,14,23889352
4508,MYH7,c.2156G>A,p.R719Q,12,0,missense,0.00000000,14,23895179
4466,MYH7,c.1549C>A,p.L517M,1,0,missense,0.00000000,14,23897738
4574,MYH7,c.2606G>A,p.R869H,2,4,missense,0.00003295,14,23894051
4571,MYH7,c.2602G>C,p.A868P,2,0,missense,0.00000000,14,23894055
4544,MYH7,c.2359C>T,p.R787C,2,7,missense,0.00005767,14,23894555
62792,MYH7,c.3626A>G,p.N1209S,1,0,missense,0.00000000,14,23889154
215004,MYH7,c.920C>A,p.P307H,1,0,missense,0.00000000,14,23899848
4600,MYH7,c.2788G>C,p.E930Q,2,0,missense,0.00000000,14,23893250
214714,MYH7,c.506G>A,p.R169K,1,0,missense,0.00000000,14,23901712
214967,MYH7,c.3484G>A,p.E1162K,1,0,missense,0.00000000,14,23889296
121010,MYH7,c.2425G>T,p.D809Y,1,6,missense,0.00004950,14,23894232
215002,MYH7,c.1063G>T,p.A355S,3,0,missense,0.00000000,14,23899059
123331,MYH7,c.5341C>T,p.R1781C,1,0,missense,0.00000000,14,23884422
4597,MYH7,c.2779G>A,p.E927K,6,0,missense,0.00000000,14,23893259
15830,MYH7,c.5704G>C,p.E1902Q,2,9,missense,0.00007413,14,23883054
4581,MYH7,c.2644C>G,p.Q882E,1,0,missense,0.00000000,14,23894013
4360,MYH7,c.427C>T,p.R143W,3,6,missense,0.00004942,14,23901923
62780,MYH7,c.1012G>A,p.V338M,2,0,missense,0.00000000,14,23899110
4560,MYH7,c.2536G>C,p.E846Q,2,0,missense,0.00000000,14,23894121
214712,MYH7,c.2899G>A,p.E967K,1,0,missense,0.00000000,14,23893139
214965,MYH7,c.3593A>G,p.D1198G,1,0,missense,0.00000000,14,23889187
123313,MYH7,c.2123G>C,p.G708A,1,0,missense,0.00000000,14,23895212
4474,MYH7,c.1727A>G,p.H576R,2,1,missense,0.00000824,14,23896955
4427,MYH7,c.1207C>T,p.R403W,10,0,missense,0.00000000,14,23898488
4530,MYH7,c.2287G>A,p.V763M,3,0,missense,0.00000000,14,23894627
4561,MYH7,c.2539A>G,p.K847E,14,0,missense,0.00000000,14,23894118
40618,MYH7,c.2129C>A,p.P710H,2,0,missense,0.00000000,14,23895206
4567,MYH7,c.2573G>A,p.R858H,1,1,missense,0.00000824,14,23894084
121018,MYH7,c.2052G>A,p.M684I,1,1,missense,0.00000840,14,23895283
215000,MYH7,c.1142C>A,p.A381D,5,0,missense,0.00000000,14,23898553
214710,MYH7,c.2692C>G,p.L898V,1,0,missense,0.00000000,14,23893346
214963,MYH7,c.3899A>T,p.Q1300L,1,0,missense,0.00000000,14,23888459
4586,MYH7,c.2701G>C,p.A901P,1,0,missense,0.00000000,14,23893337
4657,MYH7,c.4537A>T,p.T1513S,2,0,missense,0.00000000,14,23886184
214998,MYH7,c.1228T>G,p.Y410D,1,0,missense,0.00000000,14,23898467
8609,MYH7,c.3994G>A,p.A1332T,2,2,missense,0.00001699,14,23887594
4494,MYH7,c.1987C>T,p.R663C,8,0,missense,0.00000000,14,23896043
4576,MYH7,c.2609G>A,p.R870H,16,0,missense,0.00000000,14,23894048
4564,MYH7,c.2555T>C,p.M852T,2,0,missense,0.00000000,14,23894102
4526,MYH7,c.2221G>T,p.G741W,13,0,missense,0.00000000,14,23894969
8584,MYH7,c.727C>T,p.R243C,1,0,missense,0.00000000,14,23900799
48116,MYH7,c.298G>A,p.A100T,1,2,missense,0.00001647,14,23902340
214708,MYH7,c.2432T>C,p.L811P,1,0,missense,0.00000000,14,23894225
214961,MYH7,c.4132G>C,p.D1378H,1,0,missense,0.00000000,14,23887456
214759,MYH7,c.4156C>T,p.L1386F,1,0,missense,0.00000000,14,23887432
214996,MYH7,c.1279C>A,p.L427M,3,0,missense,0.00000000,14,23898292
120993,MYH7,c.2846A>T,p.E949V,1,1,missense,0.00000824,14,23893192
4590,MYH7,c.2717A>G,p.D906G,11,0,missense,0.00000000,14,23893321
4616,MYH7,c.3133C>T,p.R1045C,4,2,missense,0.00001648,14,23891501
4410,MYH7,c.1063G>A,p.A355T,13,0,missense,0.00000000,14,23899059
8598,MYH7,c.2221G>A,p.G741R,4,0,missense,0.00000000,14,23894969
4447,MYH7,c.1358G>A,p.R453H,3,0,missense,0.00000000,14,23898213
123676,MYH7,c.2738T>C,p.I913T,1,0,missense,0.00000000,14,23893300
4374,MYH7,c.632C>T,p.P211L,2,3,missense,0.00002471,14,23900977
214706,MYH7,c.2217G>T,p.R739S,1,0,missense,0.00000000,14,23894973
214959,MYH7,c.4343A>G,p.N1448S,1,0,missense,0.00000000,14,23886722
121067,MYH7,c.610C>T,p.R204C,1,3,missense,0.00002471,14,23900999
4446,MYH7,c.1357C>T,p.R453C,23,0,missense,0.00000000,14,23898214
48119,MYH7,c.505A>G,p.R169G,1,0,missense,0.00000000,14,23901713
79527,MYH7,c.2776C>G,p.L926V,1,2,missense,0.00001647,14,23893262
214753,MYH7,c.2525G>A,p.S842N,1,0,missense,0.00000000,14,23894132
214992,MYH7,c.1477A>T,p.M493L,1,0,missense,0.00000000,14,23897810
4352,MYH7,c.115G>A,p.V39M,1,7,missense,0.00005768,14,23902827
214757,MYH7,c.293A>T,p.E98V,1,0,missense,0.00000000,14,23902345
214994,MYH7,c.1346C>T,p.T449I,1,0,missense,0.00000000,14,23898225
49275,MYH7,c.1315A>T,p.M439L,1,2,missense,0.00001647,14,23898256
120984,MYH7,c.3046A>G,p.K1016E,1,1,missense,0.00000824,14,23892809
4686,MYH7,c.5561C>T,p.T1854M,3,4,missense,0.00003302,14,23883310
4533,MYH7,c.2302G>A,p.G768R,7,0,missense,0.00000000,14,23894612
4375,MYH7,c.641G>A,p.G214D,2,0,missense,0.00000000,14,23900885
214702,MYH7,c.1608G>T,p.E536D,1,0,missense,0.00000000,14,23897074
214955,MYH7,c.4660G>A,p.E1554K,1,0,missense,0.00000000,14,23885506
4394,MYH7,c.767G>A,p.G256E,2,0,missense,0.00000000,14,23900656
214704,MYH7,c.1969A>C,p.K657Q,1,0,missense,0.00000000,14,23896061
214957,MYH7,c.4532A>C,p.D1511A,1,0,missense,0.00000000,14,23886189
4620,MYH7,c.3170G>A,p.G1057D,1,0,missense,0.00000000,14,23891464
214751,MYH7,c.2296A>C,p.K766Q,2,0,missense,0.00000000,14,23894618
214990,MYH7,c.1579C>A,p.P527T,1,0,missense,0.00000000,14,23897103
214700,MYH7,c.1490A>G,p.E497G,1,0,missense,0.00000000,14,23897797
214953,MYH7,c.4919A>G,p.Q1640R,1,0,missense,0.00000000,14,23885247
4399,MYH7,c.809A>G,p.K270R,1,0,missense,0.00000000,14,23900196
214749,MYH7,c.2069T>C,p.M690T,2,0,missense,0.00000000,14,23895266
214988,MYH7,c.1804A>T,p.N602Y,1,0,missense,0.00000000,14,23896878
120969,MYH7,c.3493A>G,p.K1165E,1,1,missense,0.00001267,14,23889287
214756,MYH7,c.2498A>G,p.Y833C,1,0,missense,0.00000000,14,23894159
214698,MYH7,c.2746G>A,p.E916K,1,0,missense,0.00000000,14,23893292
214950,MYH7,c.5291T>A,p.M1764K,1,0,missense,0.00000000,14,23884472
4404,MYH7,c.958G>A,p.V320M,4,1,missense,0.00000835,14,23899810
123323,MYH7,c.3622G>A,p.D1208N,1,0,missense,0.00000000,14,23889158
214746,MYH7,c.5332C>T,p.H1778Y,1,0,missense,0.00000000,14,23884431
214747,MYH7,c.748A>G,p.I250V,1,0,missense,0.00000000,14,23900675
214986,MYH7,c.2353A>G,p.I785V,1,0,missense,0.00000000,14,23894561
214695,MYH7,c.2716G>A,p.D906N,1,0,missense,0.00000000,14,23893322
214948,MYH7,c.5690G>A,p.R1897H,1,0,missense,0.00000000,14,23883068
121051,MYH7,c.1045A>G,p.M349V,2,3,missense,0.00002471,14,23899077
214743,MYH7,c.2699A>G,p.D900G,1,0,missense,0.00000000,14,23893339
214984,MYH7,c.2606G>T,p.R869L,1,0,missense,0.00000000,14,23894051
60445,MYH7,c.4004C>T,p.S1335L,1,4,missense,0.00003364,14,23887584
214740,MYH7,c.1426C>G,p.L476V,1,0,missense,0.00000000,14,23897861
214692,MYH7,c.4136C>A,p.A1379D,1,0,missense,0.00000000,14,23887452
61064,MYH7,c.1182C>A,p.D394E,2,0,missense,0.00000000,14,23898513
69209,MYH7,c.4048G>A,p.E1350K,1,0,missense,0.00000000,14,23887540
214733,MYH7,c.2719C>A,p.Q907K,2,0,missense,0.00000000,14,23893319
214741,MYH7,c.2101G>A,p.G701S,1,0,missense,0.00000000,14,23895234
214982,MYH7,c.2631G>C,p.M877I,3,0,missense,0.00000000,14,23894026
214690,MYH7,c.1871A>G,p.Y624C,1,0,missense,0.00000000,14,23896811
4430,MYH7,c.1216G>A,p.V406M,1,0,missense,0.00000000,14,23898479
214730,MYH7,c.2462T>C,p.F821S,1,0,missense,0.00000000,14,23894195
214737,MYH7,c.707T>C,p.V236A,1,0,missense,0.00000000,14,23900819
214980,MYH7,c.2700T>A,p.D900E,1,0,missense,0.00000000,14,23893338
4647,MYH7,c.4276G>A,p.E1426K,1,0,missense,0.00000000,14,23886789
215016,MYH7,c.80A>G,p.Q27R,1,0,missense,0.00000000,14,23902862
61081,MYH7,c.3830G>A,p.R1277Q,1,5,missense,0.00004118,14,23888715
4452,MYH7,c.1447G>A,p.E483K,2,1,missense,0.00000824,14,23897840
4664,MYH7,c.4954G>T,p.D1652Y,1,3,missense,0.00002475,14,23885041
214727,MYH7,c.1541G>A,p.G514D,1,0,missense,0.00000000,14,23897746
214735,MYH7,c.5156A>G,p.Q1719R,1,0,missense,0.00000000,14,23884839
214978,MYH7,c.2881C>G,p.L961V,1,0,missense,0.00000000,14,23893157
215013,MYH7,c.578A>G,p.Q193R,2,0,missense,0.00000000,14,23901031
4405,MYH7,c.976G>C,p.A326P,3,8,missense,0.00006783,14,23899792
4465,MYH7,c.1544T>C,p.M515T,1,0,missense,0.00000000,14,23897743
4595,MYH7,c.2770G>A,p.E924K,9,0,missense,0.00000000,14,23893268
214725,MYH7,c.137T>G,p.F46C,1,0,missense,0.00000000,14,23902805
214731,MYH7,c.2471T>C,p.V824A,2,0,missense,0.00000000,14,23894186
214976,MYH7,c.2906A>C,p.H969P,1,0,missense,0.00000000,14,23893132
49251,MYH7,c.5088G>C,p.E1696D,1,3,missense,0.00002471,14,23884907
214722,MYH7,c.1148A>G,p.K383R,1,0,missense,0.00000000,14,23898547
60449,MYH7,c.5002A>G,p.K1668E,1,0,missense,0.00000000,14,23884993
214723,MYH7,c.1166G>A,p.G389E,1,0,missense,0.00000000,14,23898529
214974,MYH7,c.3231T>G,p.D1077E,1,0,missense,0.00000000,14,23891403
121026,MYH7,c.1856C>T,p.T619I,3,4,missense,0.00003302,14,23896826
215009,MYH7,c.710G>A,p.R237Q,1,0,missense,0.00000000,14,23900816
4361,MYH7,c.438G>T,p.K146N,1,0,missense,0.00000000,14,23901912
4511,MYH7,c.2167C>T,p.R723C,13,3,missense,0.00002471,14,23895023
4621,MYH7,c.3169G>A,p.G1057S,2,1,missense,0.00000824,14,23891465
4449,MYH7,c.1357C>A,p.R453S,1,0,missense,0.00000000,14,23898214
48121,MYH7,c.596C>T,p.A199V,2,0,missense,0.00000000,14,23901013
215011,MYH7,c.677C>T,p.A226V,1,0,missense,0.00000000,14,23900849
4499,MYH7,c.2081G>A,p.R694H,1,0,missense,0.00000000,14,23895254
120883,MYH7,c.5020G>A,p.V1674M,1,3,missense,0.00002471,14,23884975
214696,MYH7,c.2783A>C,p.D928A,1,0,missense,0.00000000,14,23893255
214719,MYH7,c.2744T>C,p.L915P,2,0,missense,0.00000000,14,23893294
214972,MYH7,c.3325A>G,p.K1109E,1,0,missense,0.00000000,14,23890178
49245,MYH7,c.5587C>T,p.R1863W,1,1,missense,0.00000824,14,23883284
4643,MYH7,c.4135G>A,p.A1379T,7,0,missense,0.00000000,14,23887453
21427,MYH7,c.4816C>T,p.R1606C,1,0,missense,0.00000000,14,23885350
4514,MYH7,c.2183C>T,p.A728V,1,0,missense,0.00000000,14,23895007
62797,MYH7,c.4540G>A,p.E1514K,1,0,missense,0.00000000,14,23886181
215007,MYH7,c.737A>T,p.K246I,1,0,missense,0.00000000,14,23900686
4385,MYH7,c.715G>A,p.D239N,7,0,missense,0.00000000,14,23900811
4525,MYH7,c.2221G>C,p.G741R,1,0,missense,0.00000000,14,23894969
4639,MYH7,c.4066G>A,p.E1356K,6,0,missense,0.00000000,14,23887522
214970,MYH7,c.3373G>C,p.E1125Q,1,0,missense,0.00000000,14,23889407
120837,MYH7,c.5725C>T,p.R1909W,1,4,missense,0.00003295,14,23883033
214717,MYH7,c.743T>C,p.I248T,1,0,missense,0.00000000,14,23900680
215005,MYH7,c.904C>A,p.L302M,1,0,missense,0.00000000,14,23899864
120859,MYH7,c.5342G>A,p.R1781H,2,1,missense,0.00000824,14,23884421
4506,MYH7,c.2146G>A,p.G716R,7,0,missense,0.00000000,14,23895189
4438,MYH7,c.1318G>A,p.V440M,4,0,missense,0.00000000,14,23898253
4522,MYH7,c.2207T>C,p.I736T,11,0,missense,0.00000000,14,23894983
4587,MYH7,c.2708A>G,p.E903G,1,0,missense,0.00000000,14,23893330
4543,MYH7,c.2348G>A,p.R783H,8,2,missense,0.00001648,14,23894566
49260,MYH7,c.4078G>A,p.V1360I,1,7,missense,0.00005773,14,23887510
214715,MYH7,c.5344A>G,p.M1782V,1,0,missense,0.00000000,14,23884419
214968,MYH7,c.3475G>A,p.V1159M,4,0,missense,0.00000000,14,23889305
4373,MYH7,c.619A>C,p.K207Q,2,0,missense,0.00000000,14,23900990
4495,MYH7,c.1988G>A,p.R663H,37,2,missense,0.00001648,14,23896042
20654,MYH7,c.1157A>G,p.Y386C,1,0,missense,0.00000000,14,23898538
4547,MYH7,c.2389G>C,p.A797P,1,0,missense,0.00000000,14,23894525
4622,MYH7,c.3236G>A,p.R1079Q,1,1,missense,0.00000824,14,23891398
215003,MYH7,c.964T>A,p.S322T,1,0,missense,0.00000000,14,23899804
4455,MYH7,c.1491G>T,p.E497D,5,0,missense,0.00000000,14,23897796
4646,MYH7,c.4258C>T,p.R1420W,2,1,missense,0.00000824,14,23886807
214713,MYH7,c.4124A>G,p.Y1375C,3,0,missense,0.00000000,14,23887464
214966,MYH7,c.3548T>A,p.L1183Q,1,0,missense,0.00000000,14,23889232
215001,MYH7,c.1121A>T,p.E374V,1,0,missense,0.00000000,14,23899001
4356,MYH7,c.343T>C,p.Y115H,5,1,missense,0.00000824,14,23902295
4598,MYH7,c.2782G>A,p.D928N,1,0,missense,0.00000000,14,23893256
4391,MYH7,c.746G>A,p.R249Q,4,0,missense,0.00000000,14,23900677
4457,MYH7,c.1499A>C,p.E500A,1,0,missense,0.00000000,14,23897788
4498,MYH7,c.2080C>T,p.R694C,1,2,missense,0.00001659,14,23895255
61090,MYH7,c.799C>G,p.L267V,2,0,missense,0.00000000,14,23900206
4562,MYH7,c.2549C>A,p.A850D,1,0,missense,0.00000000,14,23894108
4523,MYH7,c.2206A>G,p.I736V,1,1,missense,0.00000824,14,23894984
214711,MYH7,c.2742G>T,p.Q914H,1,0,missense,0.00000000,14,23893296
214964,MYH7,c.3803G>C,p.R1268P,1,0,missense,0.00000000,14,23888742
4451,MYH7,c.1436A>G,p.N479S,2,0,missense,0.00000000,14,23897851
4397,MYH7,c.788T>C,p.I263T,4,0,missense,0.00000000,14,23900635
15411,MYH7,c.2546T>C,p.M849T,2,0,missense,0.00000000,14,23894111
123674,MYH7,c.2680G>A,p.E894K,1,0,missense,0.00000000,14,23893358
62781,MYH7,c.1013T>C,p.V338A,1,0,missense,0.00000000,14,23899109
214999,MYH7,c.1207C>G,p.R403G,1,0,missense,0.00000000,14,23898488
62798,MYH7,c.5192A>T,p.D1731V,1,0,missense,0.00000000,14,23884681
4359,MYH7,c.428G>A,p.R143Q,7,1,missense,0.00000824,14,23901922
4548,MYH7,c.2389G>A,p.A797T,36,4,missense,0.00003296,14,23894525
214709,MYH7,c.2543A>G,p.E848G,1,0,missense,0.00000000,14,23894114
214962,MYH7,c.4108C>A,p.Q1370K,1,0,missense,0.00000000,14,23887480
214997,MYH7,c.1268C>T,p.A423V,2,0,missense,0.00000000,14,23898303
21457,MYH7,c.28G>C,p.G10R,2,9,missense,0.00007434,14,23902914
4619,MYH7,c.3158G>A,p.R1053Q,7,9,missense,0.00007414,14,23891476
4350,MYH7,c.49C>T,p.R17C,2,0,missense,0.00000000,14,23902893
4435,MYH7,c.1283C>T,p.A428V,2,0,missense,0.00000000,14,23898288
4599,MYH7,c.2788G>A,p.E930K,4,0,missense,0.00000000,14,23893250
8585,MYH7,c.1370T>C,p.I457T,6,1,missense,0.00000824,14,23898201
8603,MYH7,c.2711G>A,p.R904H,1,0,missense,0.00000000,14,23893327
4431,MYH7,c.1220G>T,p.G407V,1,0,missense,0.00000000,14,23898475
214707,MYH7,c.2342T>C,p.L781P,1,0,missense,0.00000000,14,23894572
214960,MYH7,c.4259G>T,p.R1420L,2,0,missense,0.00000000,14,23886806
61087,MYH7,c.508G>A,p.E170K,4,0,missense,0.00000000,14,23901710
214766,MYL2,c.163G>T,p.A55S,1,0,missense,0.00000000,12,111353525
120358,MYL2,c.428C>T,p.P143L,1,3,missense,0.00002475,12,111348954
123380,MYL2,c.119G>A,p.R40K,1,0,missense,0.00000000,12,111353569
215017,MYL2,c.458A>G,p.K153R,1,0,missense,0.00000000,12,111348924
214771,MYL2,c.84A>T,p.E28D,1,0,missense,0.00000000,12,111356917
62825,MYL2,c.193G>A,p.E65K,1,0,missense,0.00000000,12,111352071
214769,MYL2,c.358C>T,p.R120W,1,0,missense,0.00000000,12,111350944
4700,MYL2,c.64G>A,p.E22K,5,1,missense,0.00000827,12,111356937
214765,MYL2,c.142G>T,p.D48Y,1,0,missense,0.00000000,12,111353546
214763,MYL2,c.239C>A,p.T80N,2,0,missense,0.00000000,12,111352025
214761,MYL2,c.485G>A,p.G162E,3,0,missense,0.00000000,12,111348897
214768,MYL2,c.313G>A,p.V105M,2,0,missense,0.00000000,12,111351090
51213,MYL2,c.374C>T,p.T125M,1,5,missense,0.00004118,12,111350928
13335,MYL2,c.459G>C,p.K153N,2,3,missense,0.00002472,12,111348923
123381,MYL2,c.482A>G,p.H161R,1,0,missense,0.00000000,12,111348900
214770,MYL2,c.392C>G,p.S131C,1,0,missense,0.00000000,12,111350910
17185,MYL2,c.170G>A,p.G57E,2,0,missense,0.00000000,12,111352094
214767,MYL2,c.275G>T,p.G92V,1,0,missense,0.00000000,12,111351128
4702,MYL2,c.173G>A,p.R58Q,7,1,missense,0.00000828,12,111352091
214764,MYL2,c.80A>G,p.Q27R,2,0,missense,0.00000000,12,111356921
214762,MYL2,c.402G>C,p.E134D,1,0,missense,0.00000000,12,111350900
120369,MYL2,c.257T>C,p.F86S,2,1,missense,0.00000824,12,111352007
214760,MYL2,c.260G>C,p.G87A,2,0,missense,0.00000000,12,111352004
214774,MYL3,c.520G>C,p.A174P,1,0,missense,0.00000000,3,46899913
4712,MYL3,c.281G>A,p.R94H,4,0,missense,0.00000000,3,46902192
214772,MYL3,c.11A>G,p.K4R,1,0,missense,0.00000000,3,46904870
22140,MYL3,c.446T>C,p.M149T,1,1,missense,0.00000824,3,46901000
4718,MYL3,c.466G>A,p.V156M,2,2,missense,0.00001647,3,46900980
215021,MYL3,c.64G>T,p.A22S,1,0,missense,0.00000000,3,46904817
215019,MYL3,c.383G>A,p.G128D,2,0,missense,0.00000000,3,46901063
4719,MYL3,c.517A>G,p.M173V,2,0,missense,0.00000000,3,46899916
4716,MYL3,c.461G>A,p.R154H,3,3,missense,0.00002471,3,46900985
4714,MYL3,c.445A>G,p.M149V,1,0,missense,0.00000000,3,46901001
4717,MYL3,c.463C>G,p.H155D,2,0,missense,0.00000000,3,46900983
116383,MYL3,c.521C>T,p.A174V,1,1,missense,0.00000824,3,46899912
214775,MYL3,c.338C>T,p.T113I,1,0,missense,0.00000000,3,46901108
13383,MYL3,c.460C>T,p.R154C,3,2,missense,0.00001647,3,46900986
214773,MYL3,c.466G>T,p.V156L,1,0,missense,0.00000000,3,46900980
116405,MYL3,c.187C>T,p.R63C,1,1,missense,0.00000824,3,46902286
4713,MYL3,c.427G>A,p.E143K,3,0,missense,0.00000000,3,46901019
215020,MYL3,c.128A>C,p.K43T,1,0,missense,0.00000000,3,46904753
215018,MYL3,c.539A>G,p.N180S,1,0,missense,0.00000000,3,46899894
4711,MYL3,c.170C>G,p.A57G,2,11,missense,0.00009066,3,46902303
13385,MYL3,c.188G>A,p.R63H,1,3,missense,0.00002472,3,46902285
4715,MYL3,c.454G>A,p.E152K,1,0,missense,0.00000000,3,46900992
123734,MYL3,c.466G>C,p.V156L,1,0,missense,0.00000000,3,46900980
5878,TNNI3,c.575G>A,p.R192H,2,0,missense,0.00000000,19,55663260
215042,TNNI3,c.383T>A,p.L128Q,1,0,missense,0.00000000,19,55665564
122115,TNNI3,c.368C>T,p.T123M,1,3,missense,0.00002526,19,55666113
215044,TNNI3,c.285C>A,p.D95E,1,0,missense,0.00000000,19,55666196
80540,TNNI3,c.167T>C,p.I56T,1,2,missense,0.00002453,19,55667684
215040,TNNI3,c.488C>G,p.A163G,1,0,missense,0.00000000,19,55665459
62806,TNNI3,c.428C>A,p.T143N,3,3,missense,0.00002490,19,55665519
215038,TNNI3,c.512C>A,p.A171D,1,0,missense,0.00000000,19,55665435
215035,TNNI3,c.593T>G,p.L198R,1,0,missense,0.00000000,19,55663242
5855,TNNI3,c.407G>A,p.R136Q,3,1,missense,0.00000831,19,55665540
214788,TNNI3,c.579G>C,p.K193N,1,0,missense,0.00000000,19,55663256
5882,TNNI3,c.592C>G,p.L198V,1,0,missense,0.00000000,19,55663243
5869,TNNI3,c.511G>A,p.A171T,1,0,missense,0.00000000,19,55665436
122106,TNNI3,c.581A>C,p.N194T,1,1,missense,0.00000828,19,55663254
5888,TNNI3,c.610C>T,p.R204C,2,0,missense,0.00000000,19,55663225
214786,TNNI3,c.526G>A,p.V176M,1,0,missense,0.00000000,19,55665421
5884,TNNI3,c.596G>A,p.S199N,2,0,missense,0.00000000,19,55663239
5865,TNNI3,c.485G>A,p.R162Q,12,3,missense,0.00002498,19,55665462
8631,TNNI3,c.626A>C,p.E209A,1,0,missense,0.00000000,19,55663209
5867,TNNI3,c.497C>T,p.S166F,1,1,missense,0.00000834,19,55665450
5875,TNNI3,c.557G>A,p.R186Q,5,0,missense,0.00000000,19,55663278
5864,TNNI3,c.485G>C,p.R162P,1,0,missense,0.00000000,19,55665462
5861,TNNI3,c.433C>T,p.R145W,13,1,missense,0.00000830,19,55665514
5880,TNNI3,c.586G>A,p.D196N,6,1,missense,0.00000828,19,55663249
215045,TNNI3,c.231C>A,p.S77R,1,0,missense,0.00000000,19,55667620
5857,TNNI3,c.431T>C,p.L144P,2,0,missense,0.00000000,19,55665516
215041,TNNI3,c.390G>C,p.Q130H,1,0,missense,0.00000000,19,55665557
122132,TNNI3,c.236G>T,p.R79L,2,5,missense,0.00004684,19,55667615
215043,TNNI3,c.379G>C,p.D127H,1,0,missense,0.00000000,19,55665568
5866,TNNI3,c.484C>T,p.R162W,9,4,missense,0.00003328,19,55665463
215039,TNNI3,c.490A>G,p.K164E,1,0,missense,0.00000000,19,55665457
215037,TNNI3,c.549G>C,p.K183N,1,0,missense,0.00000000,19,55665398
215034,TNNI3,c.605A>C,p.E202A,1,0,missense,0.00000000,19,55663230
5854,TNNI3,c.389A>G,p.Q130R,1,0,missense,0.00000000,19,55665558
5870,TNNI3,c.532A>G,p.K178E,1,0,missense,0.00000000,19,55665415
122112,TNNI3,c.439G>C,p.V147L,1,1,missense,0.00000830,19,55665508
214787,TNNI3,c.568G>T,p.D190Y,1,0,missense,0.00000000,19,55663267
8630,TNNI3,c.602T>C,p.M201T,2,0,missense,0.00000000,19,55663233
214789,TNNI3,c.625G>A,p.E209K,2,0,missense,0.00000000,19,55663210
123695,TNNI3,c.590C>G,p.A197G,1,0,missense,0.00000000,19,55663245
214785,TNNI3,c.575G>T,p.R192L,1,0,missense,0.00000000,19,55663260
5868,TNNI3,c.509G>A,p.R170Q,2,0,missense,0.00000000,19,55665438
5886,TNNI3,c.607G>C,p.G203R,1,0,missense,0.00000000,19,55663228
5863,TNNI3,c.470C>T,p.A157V,11,0,missense,0.00000000,19,55665477
5856,TNNI3,c.422G>A,p.R141Q,11,0,missense,0.00000000,19,55665525
5889,TNNI3,c.611G>A,p.R204H,4,0,missense,0.00000000,19,55663224
5860,TNNI3,c.434G>A,p.R145Q,4,3,missense,0.00002490,19,55665513
5859,TNNI3,c.433C>G,p.R145G,3,0,missense,0.00000000,19,55665514
5923,TNNT2,c.421C>T,p.R141W,1,0,missense,0.00000000,1,201333464
214790,TNNT2,c.649A>G,p.K217E,1,0,missense,0.00000000,1,201331081
15414,TNNT2,c.238C>T,p.P80S,1,0,missense,0.00000000,1,201334764
75053,TNNT2,c.145G>C,p.E49Q,1,1,missense,0.00000824,1,201336923
123341,TNNT2,c.392G>A,p.R131Q,1,0,missense,0.00000000,1,201333493
5925,TNNT2,c.451C>T,p.R151C,1,0,missense,0.00000000,1,201333434
106073,TNNT2,c.805A>G,p.N269D,1,1,missense,0.00001732,1,201328767
61097,TNNT2,c.807C>A,p.N269K,1,0,missense,0.00000000,1,201328765
214791,TNNT2,c.251G>C,p.R84T,2,0,missense,0.00000000,1,201334751
123692,TNNT2,c.244G>A,p.G82R,1,0,missense,0.00000000,1,201334758
5912,TNNT2,c.330T>G,p.F110L,1,0,missense,0.00000000,1,201334370
5899,TNNT2,c.257A>C,p.D86A,2,1,missense,0.00000850,1,201334745
5904,TNNT2,c.274C>T,p.R92W,8,1,missense,0.00000824,1,201334426
5907,TNNT2,c.281G>T,p.R94L,4,0,missense,0.00000000,1,201334419
215049,TNNT2,c.269T>A,p.I90N,1,0,missense,0.00000000,1,201334431
106077,TNNT2,c.652G>T,p.V218L,1,4,missense,0.00003295,1,201331078
5910,TNNT2,c.311C>T,p.A104V,2,1,missense,0.00000824,1,201334389
215047,TNNT2,c.502G>C,p.A168P,1,0,missense,0.00000000,1,201332492
106096,TNNT2,c.283A>G,p.M95V,1,2,missense,0.00001648,1,201334417
5948,TNNT2,c.857G>A,p.R286H,3,7,missense,0.00007882,1,201328348
214792,TNNT2,c.252A>T,p.R84S,2,0,missense,0.00000000,1,201334750
106105,TNNT2,c.106G>C,p.A36P,1,6,missense,0.00004945,1,201337317
5897,TNNT2,c.247G>A,p.E83K,1,0,missense,0.00000000,1,201334755
5909,TNNT2,c.291G>T,p.K97N,1,0,missense,0.00000000,1,201334409
21465,TNNT2,c.400C>T,p.R134W,1,0,missense,0.00000000,1,201333485
5928,TNNT2,c.487G>A,p.E163K,1,0,missense,0.00000000,1,201332507
214793,TNNT2,c.773A>T,p.K258I,2,0,missense,0.00000000,1,201330414
5906,TNNT2,c.281G>A,p.R94H,4,0,missense,0.00000000,1,201334419
5917,TNNT2,c.388C>T,p.R130C,4,0,missense,0.00000000,1,201333497
5946,TNNT2,c.833G>C,p.R278P,6,0,missense,0.00000000,1,201328372
5947,TNNT2,c.856C>T,p.R286C,6,1,missense,0.00001119,1,201328349
5930,TNNT2,c.536C>T,p.S179F,2,0,missense,0.00000000,1,201332458
215050,TNNT2,c.256G>T,p.D86Y,1,0,missense,0.00000000,1,201334746
15415,TNNT2,c.833G>A,p.R278H,2,2,missense,0.00002144,1,201328372
5903,TNNT2,c.275G>A,p.R92Q,4,0,missense,0.00000000,1,201334425
21463,TNNT2,c.534G>C,p.L178F,1,0,missense,0.00000000,1,201332460
215048,TNNT2,c.426T>G,p.N142K,1,0,missense,0.00000000,1,201333459
5896,TNNT2,c.236T>A,p.I79N,10,0,missense,0.00000000,1,201334766
5940,TNNT2,c.785A>G,p.N262S,5,0,missense,0.00000000,1,201328787
215046,TNNT2,c.767A>G,p.Q256R,1,0,missense,0.00000000,1,201330420
20670,TNNT2,c.249G>C,p.E83D,1,0,missense,0.00000000,1,201334753
5992,TPM1,c.574G>A,p.E192K,13,0,missense,0.00000000,15,63353922
49402,TPM1,c.797A>G,p.K266R,2,5,missense,0.00004200,15,63356287
214805,TPM1,c.457C>G,p.H153D,1,0,missense,0.00000000,15,63351844
214802,TPM1,c.676A>C,p.K226Q,1,0,missense,0.00000000,15,63354450
214799,TPM1,c.790A>G,p.K264E,1,0,missense,0.00000000,15,63356280
214797,TPM1,c.559G>C,p.E187Q,1,0,missense,0.00000000,15,63353134
214794,TPM1,c.655G>A,p.D219N,1,0,missense,0.00000000,15,63354429
215059,TPM1,c.774C>G,p.D258E,1,0,missense,0.00000000,15,63356264
215057,TPM1,c.746T>G,p.L249W,2,0,missense,0.00000000,15,63354818
215055,TPM1,c.677A>G,p.K226R,1,0,missense,0.00000000,15,63354451
121197,TPM1,c.252C>G,p.D84E,1,1,missense,0.00000824,15,63349195
215053,TPM1,c.475G>A,p.D159N,1,0,missense,0.00000000,15,63351862
17151,TPM1,c.850A>G,p.I284V,2,0,missense,0.00000000,15,63356340
215051,TPM1,c.302G>C,p.R101P,1,0,missense,0.00000000,15,63349245
12857,TPM1,c.829G>A,p.A277T,2,4,missense,0.00003461,15,63356319
123371,TPM1,c.46G>C,p.E16Q,1,0,missense,0.00000000,15,63335074
214801,TPM1,c.548C>T,p.A183V,3,0,missense,0.00000000,15,63353123
5994,TPM1,c.644C>T,p.S215L,4,1,missense,0.00000825,15,63354418
5988,TPM1,c.523G>A,p.D175N,8,0,missense,0.00000000,15,63353098
5995,TPM1,c.715G>A,p.A239T,1,0,missense,0.00000000,15,63354787
214804,TPM1,c.82G>C,p.D28H,3,0,missense,0.00000000,15,63335110
214800,TPM1,c.305C>A,p.A102D,1,0,missense,0.00000000,15,63349248
214798,TPM1,c.762T>G,p.D254E,1,0,missense,0.00000000,15,63354834
214796,TPM1,c.343G>A,p.E115K,1,0,missense,0.00000000,15,63349286
215058,TPM1,c.761A>G,p.D254G,1,0,missense,0.00000000,15,63354833
215056,TPM1,c.699G>C,p.K233N,1,0,missense,0.00000000,15,63354473
215054,TPM1,c.481A>G,p.K161E,1,0,missense,0.00000000,15,63351868
73896,TPM1,c.841A>G,p.M281V,2,3,missense,0.00002681,15,63356331
5997,TPM1,c.842T>C,p.M281T,1,0,missense,0.00000000,15,63356332
215052,TPM1,c.461T>C,p.I154T,1,0,missense,0.00000000,15,63351848
20694,TPM1,c.835A>C,p.N279H,1,0,missense,0.00000000,15,63356325
214803,TPM1,c.82G>A,p.D28N,1,0,missense,0.00000000,15,63335110
214795,TPM1,c.58G>A,p.D20N,1,0,missense,0.00000000,15,63335086
15450,TPM1,c.64G>A,p.A22T,2,0,missense,0.00000000,15,63335092
