Gene,Chromosome,Position,rsID,Reference,Alternate,Source,Filters - exomes,Filters - genomes,Consequence,Protein Consequence,Transcript Consequence,Annotation,Flags,Allele Count,Allele Number,Allele Frequency,Homozygote Count,Hemizygote Count,Allele Count African,Allele Number African,Homozygote Count African,Hemizygote Count African,Allele Count Latino,Allele Number Latino,Homozygote Count Latino,Hemizygote Count Latino,Allele Count Ashkenazi Jewish,Allele Number Ashkenazi Jewish,Homozygote Count Ashkenazi Jewish,Hemizygote Count Ashkenazi Jewish,Allele Count East Asian,Allele Number East Asian,Homozygote Count East Asian,Hemizygote Count East Asian,Allele Count European (Finnish),Allele Number European (Finnish),Homozygote Count European (Finnish),Hemizygote Count European (Finnish),Allele Count European (non-Finnish),Allele Number European (non-Finnish),Homozygote Count European (non-Finnish),Hemizygote Count European (non-Finnish),Allele Count Other,Allele Number Other,Homozygote Count Other,Hemizygote Count Other,Allele Count South Asian,Allele Number South Asian,Homozygote Count South Asian,Hemizygote Count South Asian
KCNQ1,11,2466389,custom_1,C,T,gnomAD Exomes,PASS,NA,p.Pro21Ser,p.Pro21Ser,c.61C>T,missense_variant,,1,18448,0.00005420641803989592,0,0,0,250,0,0,0,2056,0,0,0,1852,0,0,0,160,0,0,0,1492,0,0,0,7128,0,0,0,542,0,0,1,4968,0,0
KCNQ1,11,2466392,custom_2,G,C,gnomAD Genomes,NA,PASS,p.Gly22Arg,p.Gly22Arg,c.64G>C,missense_variant,,1,26496,0.000037741545893719805,0,0,0,8226,0,0,0,492,0,0,0,210,0,0,0,1552,0,0,0,1578,0,0,1,13658,0,0,0,780,0,0,0,0,0,0
KCNQ1,11,2466464,custom_3,G,A,gnomAD Exomes,PASS,NA,p.Ala46Thr,p.Ala46Thr,c.136G>A,missense_variant,,1,16670,0.0000599880023995201,0,0,0,284,0,0,0,2790,0,0,0,1472,0,0,0,114,0,0,0,1310,0,0,1,6120,0,0,0,532,0,0,0,4048,0,0
KCNQ1,11,2466465,custom_4,C,A,gnomAD Genomes,NA,PASS,p.Ala46Glu,p.Ala46Glu,c.137C>A,missense_variant,,2,26332,0.00007595321282090232,0,0,0,8186,0,0,0,468,0,0,0,216,0,0,2,1546,0,0,0,1444,0,0,0,13668,0,0,0,804,0,0,0,0,0,0
KCNQ1,11,2466492,custom_5,C,T,gnomAD Genomes,NA,PASS,p.Ala55Val,p.Ala55Val,c.164C>T,missense_variant,,1,27164,0.00003681342953909586,0,0,0,8220,0,0,0,524,0,0,0,226,0,0,0,1546,0,0,0,1764,0,0,1,14036,0,0,0,848,0,0,0,0,0,0
KCNQ1,11,2466513,custom_6,C,T,gnomAD Exomes,PASS,NA,p.Ala62Val,p.Ala62Val,c.185C>T,missense_variant,,1,15380,0.00006501950585175553,0,0,0,388,0,0,0,2322,0,0,0,868,0,0,0,570,0,0,0,1400,0,0,1,6750,0,0,0,526,0,0,0,2556,0,0
KCNQ1,11,2466522,custom_7,C,T,gnomAD Exomes,PASS,NA,p.Ala65Val,p.Ala65Val,c.194C>T,missense_variant,,1,40504,0.000024688919612877742,0,0,0,918,0,0,0,6474,0,0,0,2836,0,0,0,1820,0,0,0,3164,0,0,1,17138,0,0,0,1222,0,0,0,6932,0,0
KCNQ1,11,2466525,custom_8,C,A,gnomAD Exomes,PASS,NA,p.Ser66Tyr,p.Ser66Tyr,c.197C>A,missense_variant,,3,60432,0.000049642573471008734,0,0,0,1432,0,0,3,10432,0,0,0,4026,0,0,0,3366,0,0,0,4206,0,0,0,24958,0,0,0,1758,0,0,0,10254,0,0
KCNQ1,11,2466528,custom_9,C,T,gnomAD Exomes,PASS,NA,p.Pro67Leu,p.Pro67Leu,c.200C>T,missense_variant,,1,68078,0.000014689033167836893,0,0,0,1874,0,0,0,10974,0,0,0,4406,0,0,0,3878,0,0,0,4562,0,0,1,28902,0,0,0,1918,0,0,0,11564,0,0
KCNQ1,11,2466539,custom_10,G,A,gnomAD Exomes,PASS,NA,p.Ala71Thr,p.Ala71Thr,c.211G>A,missense_variant,,3,113534,0.000026423802561347262,0,0,1,3938,0,0,1,16342,0,0,0,6258,0,0,0,6948,0,0,0,6948,0,0,1,52424,0,0,0,2800,0,0,0,17876,0,0
KCNQ1,11,2466539,custom_11,G,T,gnomAD Exomes,PASS,NA,p.Ala71Ser,p.Ala71Ser,c.211G>T,missense_variant,,1,113534,0.000008807934187115753,0,0,0,3938,0,0,0,16342,0,0,0,6258,0,0,0,6948,0,0,0,6948,0,0,0,52424,0,0,0,2800,0,0,1,17876,0,0
KCNQ1,11,2466540,custom_12,C,T,gnomAD Exomes,PASS,NA,p.Ala71Val,p.Ala71Val,c.212C>T,missense_variant,,1,120132,0.000008324176738920521,0,0,0,4198,0,0,0,17642,0,0,0,6502,0,0,0,7550,0,0,0,7262,0,0,1,55450,0,0,0,2924,0,0,0,18604,0,0
KCNQ1,11,2466545,custom_13,C,A,"gnomAD Exomes,gnomAD Genomes",PASS,PASS,p.Pro73Thr,p.Pro73Thr,c.217C>A,missense_variant,,25,180152,0.0001387717038944891,0,0,1,14264,0,0,1,24164,0,0,0,7784,0,0,0,11546,0,0,0,11408,0,0,20,84050,0,0,3,4682,0,0,0,22254,0,0
KCNQ1,11,2466545,custom_14,C,T,gnomAD Genomes,NA,PASS,p.Pro73Ser,p.Pro73Ser,c.217C>T,missense_variant,,1,29818,0.00003353678985847475,0,0,0,8492,0,0,0,696,0,0,0,276,0,0,0,1560,0,0,0,2740,0,0,1,15060,0,0,0,994,0,0,0,0,0,0
KCNQ1,11,2466554,custom_15,G,A,gnomAD Exomes,PASS,NA,p.Ala76Thr,p.Ala76Thr,c.226G>A,missense_variant,,1,185474,0.000005391591274248682,0,0,0,8780,0,0,0,29840,0,0,0,8410,0,0,0,13862,0,0,0,9924,0,0,1,83946,0,0,0,4610,0,0,0,26102,0,0
KCNQ1,11,2466558,custom_16,C,T,gnomAD Exomes,PASS,NA,p.Ser77Phe,p.Ser77Phe,c.230C>T,missense_variant,,3,200444,0.00001496677376224781,0,0,0,10814,0,0,0,31908,0,0,0,8878,0,0,0,15916,0,0,0,10294,0,0,3,89706,0,0,0,5054,0,0,0,27874,0,0
KCNQ1,11,2466570,custom_17,C,T,gnomAD Exomes,PASS,NA,p.Pro81Leu,p.Pro81Leu,c.242C>T,missense_variant,,3,212168,0.000014139738320576148,0,0,1,12262,0,0,0,33284,0,0,0,9268,0,0,0,16950,0,0,0,10994,0,0,2,94708,0,0,0,5382,0,0,0,29320,0,0
KCNQ1,11,2466586,custom_18,C,A,gnomAD Exomes,PASS,NA,p.Ser86Arg,p.Ser86Arg,c.258C>A,missense_variant,,1,220284,0.000004539594341849612,0,0,0,13348,0,0,0,33916,0,0,0,9482,0,0,0,17406,0,0,0,11702,0,0,1,98724,0,0,0,5608,0,0,0,30098,0,0
KCNQ1,11,2466592,custom_19,C,G,gnomAD Exomes,PASS,NA,p.Asp88Glu,p.Asp88Glu,c.264C>G,missense_variant,,1,221448,0.000004515732813120913,0,0,0,13632,0,0,0,33944,0,0,0,9514,0,0,0,17438,0,0,0,11830,0,0,0,99302,0,0,0,5640,0,0,1,30148,0,0
KCNQ1,11,2466593,custom_20,C,A,gnomAD Exomes,PASS,NA,p.Pro89Thr,p.Pro89Thr,c.265C>A,missense_variant,,2,221544,0.000009027552088975553,0,0,0,13650,0,0,0,33956,0,0,0,9522,0,0,0,17446,0,0,0,11824,0,0,1,99382,0,0,0,5634,0,0,1,30130,0,0
KCNQ1,11,2466594,custom_21,C,T,gnomAD Exomes,PASS,NA,p.Pro89Leu,p.Pro89Leu,c.266C>T,missense_variant,,1,221702,0.000004510559219131988,0,0,0,13672,0,0,0,33960,0,0,0,9522,0,0,0,17452,0,0,0,11848,0,0,0,99460,0,0,0,5636,0,0,1,30152,0,0
KCNQ1,11,2466599,custom_22,G,C,gnomAD Exomes,PASS,NA,p.Val91Leu,p.Val91Leu,c.271G>C,missense_variant,,1,222502,0.000004494341623895516,0,0,0,13860,0,0,0,33976,0,0,0,9536,0,0,1,17470,0,0,0,11906,0,0,0,99894,0,0,0,5672,0,0,0,30188,0,0
KCNQ1,11,2466602,custom_23,T,C,gnomAD Exomes,PASS,NA,p.Ser92Pro,p.Ser92Pro,c.274T>C,missense_variant,,5,222730,0.00002244870470973825,0,0,0,13924,0,0,5,33980,0,0,0,9534,0,0,0,17476,0,0,0,11906,0,0,0,100050,0,0,0,5676,0,0,0,30184,0,0
KCNQ1,11,2466605,custom_24,A,G,gnomAD Exomes,PASS,NA,p.Ile93Val,p.Ile93Val,c.277A>G,missense_variant,,1,223066,0.000004482978132032672,0,0,0,13990,0,0,0,33998,0,0,0,9544,0,0,0,17494,0,0,0,11928,0,0,1,100218,0,0,0,5686,0,0,0,30208,0,0
KCNQ1,11,2466615,custom_25,C,G,"gnomAD Exomes,gnomAD Genomes",PASS,PASS,p.Thr96Arg,p.Thr96Arg,c.287C>G,missense_variant,,4,254224,0.00001573415570520486,0,0,0,22670,0,0,0,34830,0,0,0,9824,0,0,0,19046,0,0,0,15280,0,0,4,115626,0,0,0,6750,0,0,0,30198,0,0
KCNQ1,11,2466621,custom_26,G,A,gnomAD Exomes,PASS,NA,p.Arg98His,p.Arg98His,c.293G>A,missense_variant,,1,223158,0.00000448112996173115,0,0,0,14036,0,0,0,34002,0,0,0,9536,0,0,0,17498,0,0,0,11858,0,0,1,100376,0,0,0,5688,0,0,0,30164,0,0
KCNQ1,11,2466624,custom_27,C,G,gnomAD Exomes,PASS,NA,p.Pro99Arg,p.Pro99Arg,c.296C>G,missense_variant,,13,223394,0.00005819314753305818,0,0,2,14084,0,0,1,34008,0,0,0,9550,0,0,0,17526,0,0,0,11862,0,0,8,100458,0,0,0,5690,0,0,2,30216,0,0
KCNQ1,11,2466624,custom_28,C,A,gnomAD Exomes,PASS,NA,p.Pro99Gln,p.Pro99Gln,c.296C>A,missense_variant,,2,223394,0.000008952791928162797,0,0,1,14084,0,0,0,34008,0,0,0,9550,0,0,0,17526,0,0,0,11862,0,0,1,100458,0,0,0,5690,0,0,0,30216,0,0
KCNQ1,11,2466638,custom_29,A,G,gnomAD Exomes,PASS,NA,p.Thr104Ala,p.Thr104Ala,c.310A>G,missense_variant,,1,223618,0.0000044719119212228,0,0,0,14182,0,0,0,34018,0,0,0,9546,0,0,0,17534,0,0,0,11794,0,0,1,100610,0,0,0,5714,0,0,0,30220,0,0
KCNQ1,11,2466639,custom_30,C,T,gnomAD Exomes,PASS,NA,p.Thr104Ile,p.Thr104Ile,c.311C>T,missense_variant,,1,223928,0.000004465721124647208,0,0,0,14210,0,0,0,34018,0,0,0,9554,0,0,1,17556,0,0,0,11846,0,0,0,100792,0,0,0,5716,0,0,0,30236,0,0
KCNQ1,11,2466650,custom_31,G,A,gnomAD Exomes,PASS,NA,p.Gly108Ser,p.Gly108Ser,c.322G>A,missense_variant,,1,223758,0.000004469113953467585,0,0,0,14252,0,0,0,34022,0,0,0,9552,0,0,0,17562,0,0,0,11762,0,0,0,100694,0,0,0,5710,0,0,1,30204,0,0
KCNQ1,11,2466653,custom_32,C,T,gnomAD Exomes,PASS,NA,p.Arg109Cys,p.Arg109Cys,c.325C>T,missense_variant,,2,223598,0.000008944623833844668,0,0,0,14218,0,0,0,34006,0,0,0,9554,0,0,0,17566,0,0,0,11720,0,0,2,100622,0,0,0,5710,0,0,0,30202,0,0
KCNQ1,11,2466654,custom_33,G,T,gnomAD Exomes,PASS,NA,p.Arg109Leu,p.Arg109Leu,c.326G>T,missense_variant,,2,223576,0.000008945503989694779,0,0,0,14228,0,0,0,33998,0,0,0,9556,0,0,0,17556,0,0,0,11720,0,0,2,100624,0,0,0,5710,0,0,0,30184,0,0
KCNQ1,11,2466656,custom_34,G,A,"gnomAD Exomes,gnomAD Genomes",PASS,PASS,p.Val110Ile,p.Val110Ile,c.328G>A,missense_variant,,16,254936,0.00006276084978190605,0,0,0,22968,0,0,0,34844,0,0,1,9844,0,0,0,19122,0,0,0,15156,0,0,15,116026,0,0,0,6804,0,0,0,30172,0,0
KCNQ1,11,2466660,custom_35,A,G,gnomAD Exomes,PASS,NA,p.Tyr111Cys,p.Tyr111Cys,c.332A>G,missense_variant,,2,223694,0.000008940785179754486,0,0,0,14256,0,0,0,33992,0,0,0,9558,0,0,0,17568,0,0,0,11708,0,0,2,100732,0,0,0,5720,0,0,0,30160,0,0
KCNQ1,11,2466713,custom_36,G,A,gnomAD Exomes,PASS,NA,p.Val129Ile,p.Val129Ile,c.385G>A,missense_variant,,4,214296,0.000018665770709672604,0,0,2,12910,0,0,1,33346,0,0,0,9352,0,0,0,17000,0,0,0,10612,0,0,1,96210,0,0,0,5474,0,0,0,29392,0,0
KCNQ1,11,2482942,custom_37,G,A,gnomAD Genomes,NA,PASS,p.Met1?,p.Met1?,c.3G>A,start_lost,,1,31388,0.00003185930929017459,0,0,1,8708,0,0,0,848,0,0,0,290,0,0,0,1560,0,0,0,3470,0,0,0,15430,0,0,0,1082,0,0,0,0,0,0
KCNQ1,11,2483126,custom_38,G,A,gnomAD Exomes,PASS,NA,p.Met1?,p.Met1?,c.3G>A,start_lost,,2,80662,0.000024794822840990802,0,0,0,5880,0,0,0,17170,0,0,0,3128,0,0,0,9596,0,0,0,2308,0,0,1,28172,0,0,0,2588,0,0,1,11820,0,0
KCNQ1,11,2483132,custom_39,T,A,gnomAD Genomes,NA,PASS,p.His3Gln,p.His3Gln,c.9T>A,missense_variant,,1,31280,0.0000319693094629156,0,0,0,8664,0,0,0,848,0,0,0,290,0,0,0,1554,0,0,0,3470,0,0,0,15366,0,0,1,1088,0,0,0,0,0,0
KCNQ1,11,2483137,custom_40,C,G,"gnomAD Exomes,gnomAD Genomes",PASS,PASS,p.Ala5Gly,p.Ala5Gly,c.14C>G,missense_variant,,5,107602,0.00004646753777810821,0,0,4,14392,0,0,1,16756,0,0,0,3134,0,0,0,10856,0,0,0,5570,0,0,0,42212,0,0,0,3594,0,0,0,11088,0,0
KCNQ1,11,2483140,custom_41,C,T,gnomAD Exomes,PASS,NA,p.Ser6Phe,p.Ser6Phe,c.17C>T,missense_variant,,4,76384,0.00005236698785085882,0,0,0,5702,0,0,0,15958,0,0,0,2862,0,0,0,9298,0,0,0,2120,0,0,3,26760,0,0,0,2502,0,0,1,11182,0,0
KCNQ1,11,2483151,custom_42,T,G,gnomAD Genomes,NA,PASS,p.Trp10Gly,p.Trp10Gly,c.28T>G,missense_variant,,1,31256,0.00003199385717942155,0,0,0,8650,0,0,0,844,0,0,0,290,0,0,0,1560,0,0,0,3466,0,0,1,15362,0,0,0,1084,0,0,0,0,0,0
KCNQ1,11,2483153,custom_43,G,C,"gnomAD Exomes,gnomAD Genomes",PASS,PASS,p.Trp10Cys,p.Trp10Cys,c.30G>C,missense_variant,,3,106568,0.000028151039711733354,0,0,0,14302,0,0,0,16300,0,0,0,3044,0,0,0,10688,0,0,0,5558,0,0,3,41874,0,0,0,3562,0,0,0,11240,0,0
KCNQ1,11,2483169,custom_44,G,C,gnomAD Exomes,PASS,NA,p.Val16Leu,p.Val16Leu,c.46G>C,missense_variant,,1,70412,0.000014202124637845821,0,0,0,5534,0,0,0,14078,0,0,0,2446,0,0,1,8838,0,0,0,1834,0,0,0,24900,0,0,0,2334,0,0,0,10448,0,0
KCNQ1,11,2483188,custom_45,G,T,gnomAD Exomes,PASS,NA,p.Arg22Met,p.Arg22Met,c.65G>T,missense_variant,,1,62416,0.000016021532940271725,0,0,0,5356,0,0,0,12042,0,0,0,1866,0,0,0,8336,0,0,0,1268,0,0,0,22670,0,0,0,2112,0,0,1,8766,0,0
KCNQ1,11,2483206,custom_46,C,G,gnomAD Exomes,PASS,NA,p.Ser28Trp,p.Ser28Trp,c.83C>G,missense_variant,,1,57154,0.000017496588165307765,0,0,1,5278,0,0,0,10906,0,0,0,1546,0,0,0,8034,0,0,0,870,0,0,0,21250,0,0,0,1968,0,0,0,7302,0,0
KCNQ1,11,2483206,custom_47,C,T,"gnomAD Exomes,gnomAD Genomes",PASS,PASS,p.Ser28Leu,p.Ser28Leu,c.83C>T,missense_variant,,17,88472,0.00019215118907677005,0,0,2,13954,0,0,0,11754,0,0,0,1836,0,0,0,9594,0,0,0,4342,0,0,15,36636,0,0,0,3054,0,0,0,7302,0,0
KCNQ1,11,2542709,custom_48,A,G,"gnomAD Exomes,gnomAD Genomes",PASS,PASS,p.Ile29Val,p.Ile29Val,c.85A>G,missense_variant,,16,180248,0.00008876658825618038,0,0,0,15464,0,0,0,25276,0,0,0,8656,0,0,15,12334,0,0,0,20290,0,0,0,70398,0,0,1,5392,0,0,0,22438,0,0
KCNQ1,11,2542712,custom_49,C,A,gnomAD Genomes,NA,PASS,p.Gln30Lys,p.Gln30Lys,c.88C>A,missense_variant,,1,31402,0.0000318451054072989,0,0,0,8714,0,0,0,848,0,0,0,290,0,0,0,1560,0,0,0,3474,0,0,1,15428,0,0,0,1088,0,0,0,0,0,0
KCNQ1,11,2542712,custom_50,C,G,gnomAD Exomes,PASS,NA,p.Gln30Glu,p.Gln30Glu,c.88C>G,missense_variant,,2,148790,0.00001344176355937899,0,0,0,6748,0,0,0,24414,0,0,0,8366,0,0,0,10774,0,0,1,16814,0,0,1,54952,0,0,0,4304,0,0,0,22418,0,0
KCNQ1,11,2542720,custom_51,T,G,gnomAD Exomes,PASS,NA,p.Ile32Met,p.Ile32Met,c.96T>G,missense_variant,,1,148812,0.000006719888181060667,0,0,0,6748,0,0,0,24410,0,0,0,8368,0,0,1,10766,0,0,0,16820,0,0,0,54958,0,0,0,4298,0,0,0,22444,0,0
KCNQ1,11,2542725,custom_52,A,C,gnomAD Exomes,PASS,NA,p.His34Pro,p.His34Pro,c.101A>C,missense_variant,,2,148980,0.000013424620754463686,0,0,0,6756,0,0,0,24482,0,0,0,8370,0,0,0,10778,0,0,0,16824,0,0,2,54990,0,0,0,4302,0,0,0,22478,0,0
KCNQ1,11,2542728,custom_53,C,T,gnomAD Exomes,PASS,NA,p.Thr35Met,p.Thr35Met,c.104C>T,missense_variant,,5,148806,0.00003360079566684139,0,0,0,6750,0,0,0,24430,0,0,0,8362,0,0,0,10762,0,0,0,16812,0,0,4,54948,0,0,0,4304,0,0,1,22438,0,0
KCNQ1,11,2542734,custom_54,C,T,"gnomAD Exomes,gnomAD Genomes",PASS,PASS,p.Thr37Met,p.Thr37Met,c.110C>T,missense_variant,,6,180524,0.00003323657796193304,0,0,0,15464,0,0,0,25378,0,0,0,8664,0,0,0,12338,0,0,0,20300,0,0,4,70452,0,0,0,5402,0,0,2,22526,0,0
KCNQ1,11,2542737,custom_55,G,C,gnomAD Exomes,PASS,NA,p.Arg38Thr,p.Arg38Thr,c.113G>C,missense_variant,,1,149130,0.000006705558908335009,0,0,0,6756,0,0,0,24526,0,0,0,8374,0,0,0,10778,0,0,0,16826,0,0,1,55030,0,0,0,4314,0,0,0,22526,0,0
KCNQ1,11,2542739,custom_56,G,T,gnomAD Exomes,PASS,NA,p.Val39Leu,p.Val39Leu,c.115G>T,missense_variant,,7,149138,0.00004693639448028001,0,0,1,6756,0,0,0,24534,0,0,0,8374,0,0,0,10778,0,0,0,16826,0,0,0,55034,0,0,0,4314,0,0,6,22522,0,0
KCNQ1,11,2542757,custom_57,C,T,"gnomAD Exomes,gnomAD Genomes",PASS,PASS,p.Arg45Cys,p.Arg45Cys,c.133C>T,missense_variant,,130,180538,0.0007200700129612603,0,0,107,15474,0,0,17,25378,0,0,0,8660,0,0,0,12336,0,0,0,20294,0,0,3,70476,0,0,2,5396,0,0,1,22524,0,0
KCNQ1,11,2542758,custom_58,G,A,gnomAD Exomes,PASS,NA,p.Arg45His,p.Arg45His,c.134G>A,missense_variant,,2,149134,0.000013410758110155968,0,0,0,6758,0,0,1,24532,0,0,0,8372,0,0,0,10778,0,0,0,16818,0,0,1,55046,0,0,0,4310,0,0,0,22520,0,0
KCNQ1,11,2542760,custom_59,T,C,gnomAD Exomes,PASS,NA,p.Ser46Pro,p.Ser46Pro,c.136T>C,missense_variant,,1,149146,0.000006704839553189492,0,0,0,6754,0,0,0,24534,0,0,0,8372,0,0,0,10778,0,0,0,16820,0,0,1,55054,0,0,0,4308,0,0,0,22526,0,0
KCNQ1,11,2542761,custom_60,C,T,gnomAD Genomes,NA,PASS,p.Ser46Phe,p.Ser46Phe,c.137C>T,missense_variant,,1,31400,0.00003184713375796178,0,0,0,8710,0,0,0,848,0,0,0,290,0,0,0,1558,0,0,1,3474,0,0,0,15432,0,0,0,1088,0,0,0,0,0,0
KCNQ1,11,2542764,custom_61,G,C,"gnomAD Exomes,gnomAD Genomes",PASS,PASS,p.Ser47Thr,p.Ser47Thr,c.140G>C,missense_variant,,23,180538,0.00012739700229314605,0,0,22,15470,0,0,1,25376,0,0,0,8664,0,0,0,12338,0,0,0,20294,0,0,0,70476,0,0,0,5396,0,0,0,22524,0,0
KCNQ1,11,2542766,custom_62,G,A,gnomAD Exomes,PASS,NA,p.Gly48Ser,p.Gly48Ser,c.142G>A,missense_variant,,7,149130,0.000046938912358345066,0,0,0,6758,0,0,7,24526,0,0,0,8374,0,0,0,10778,0,0,0,16822,0,0,0,55040,0,0,0,4310,0,0,0,22522,0,0
KCNQ1,11,2542767,custom_63,G,T,gnomAD Exomes,PASS,NA,p.Gly48Val,p.Gly48Val,c.143G>T,missense_variant,,6,149128,0.000040233893031489726,0,0,0,6754,0,0,0,24530,0,0,0,8374,0,0,0,10778,0,0,0,16822,0,0,0,55040,0,0,1,4310,0,0,5,22520,0,0
KCNQ1,11,2542770,custom_64,A,C,"gnomAD Exomes,gnomAD Genomes",PASS,PASS,p.Tyr49Ser,p.Tyr49Ser,c.146A>C,missense_variant,,5,180518,0.000027698068890636944,0,0,0,15474,0,0,0,25374,0,0,0,8662,0,0,0,12338,0,0,5,20296,0,0,0,70462,0,0,0,5396,0,0,0,22516,0,0
KCNQ1,11,2542773,custom_65,C,T,gnomAD Exomes,PASS,NA,p.Thr50Met,p.Thr50Met,c.149C>T,missense_variant,,5,149084,0.000033538139572321646,0,0,0,6760,0,0,0,24512,0,0,0,8372,0,0,1,10778,0,0,0,16818,0,0,2,55032,0,0,0,4306,0,0,2,22506,0,0
KCNQ1,11,2542778,custom_66,C,T,"gnomAD Exomes,gnomAD Genomes",PASS,PASS,p.Arg52Trp,p.Arg52Trp,c.154C>T,missense_variant,,8,180470,0.000044328697290408376,0,0,0,15470,0,0,2,25354,0,0,0,8660,0,0,0,12334,0,0,0,20290,0,0,6,70466,0,0,0,5396,0,0,0,22500,0,0
KCNQ1,11,2542779,custom_67,G,A,"gnomAD Exomes,gnomAD Genomes",PASS,PASS,p.Arg52Gln,p.Arg52Gln,c.155G>A,missense_variant,,26,180466,0.00014407145944388418,0,0,0,15470,0,0,18,25360,0,0,0,8660,0,0,0,12336,0,0,0,20290,0,0,4,70458,0,0,3,5396,0,0,1,22496,0,0
KCNQ1,11,2542793,custom_68,G,A,"gnomAD Exomes,gnomAD Genomes",PASS,PASS,p.Asp57Asn,p.Asp57Asn,c.169G>A,missense_variant,,194,180362,0.0010756145973098547,1,0,144,15458,1,0,23,25296,0,0,0,8660,0,0,0,12336,0,0,0,20282,0,0,21,70442,0,0,4,5392,0,0,2,22496,0,0
KCNQ1,11,2542800,custom_69,G,A,"gnomAD Exomes,gnomAD Genomes",PASS,PASS,p.Gly59Asp,p.Gly59Asp,c.176G>A,missense_variant,,151,180352,0.0008372515968772179,0,0,139,15472,0,0,12,25282,0,0,0,8660,0,0,0,12334,0,0,0,20284,0,0,0,70448,0,0,0,5388,0,0,0,22484,0,0
KCNQ1,11,2542800,custom_70,G,C,gnomAD Exomes,PASS,NA,p.Gly59Ala,p.Gly59Ala,c.176G>C,missense_variant,,1,148946,0.00000671384260067407,0,0,0,6758,0,0,0,24434,0,0,0,8370,0,0,0,10776,0,0,0,16808,0,0,0,55014,0,0,1,4302,0,0,0,22484,0,0
KCNQ1,11,2549165,custom_71,A,C,gnomAD Exomes,PASS,NA,p.Ile132Leu,p.Ile132Leu,c.394A>C,missense_variant,,2,251400,0.000007955449482895783,0,0,0,16256,0,0,0,34582,0,0,0,10080,0,0,0,18394,0,0,0,21598,0,0,2,113736,0,0,0,6138,0,0,0,30616,0,0
KCNQ1,11,2549168,custom_72,G,A,gnomAD Exomes,PASS,NA,p.Val133Ile,p.Val133Ile,c.397G>A,missense_variant,,1,251392,0.00000397785132382892,0,0,0,16256,0,0,0,34582,0,0,0,10080,0,0,0,18394,0,0,0,21594,0,0,1,113732,0,0,0,6138,0,0,0,30616,0,0
KCNQ1,11,2549180,custom_73,C,T,gnomAD Exomes,PASS,NA,p.Leu137Phe,p.Leu137Phe,c.409C>T,missense_variant,,1,251426,0.0000039773134043416354,0,0,0,16256,0,0,0,34582,0,0,0,10080,0,0,0,18394,0,0,0,21610,0,0,0,113748,0,0,0,6140,0,0,1,30616,0,0
KCNQ1,11,2549181,custom_74,T,C,gnomAD Exomes,PASS,NA,p.Leu137Pro,p.Leu137Pro,c.410T>C,missense_variant,,1,251432,0.000003977218492475103,0,0,0,16256,0,0,1,34582,0,0,0,10080,0,0,0,18394,0,0,0,21616,0,0,0,113748,0,0,0,6140,0,0,0,30616,0,0
KCNQ1,11,2549199,custom_75,C,A,gnomAD Exomes,PASS,NA,p.Ser143Tyr,p.Ser143Tyr,c.428C>A,missense_variant,,1,251424,0.000003977345042637139,0,0,0,16256,0,0,0,34582,0,0,0,10080,0,0,0,18394,0,0,0,21602,0,0,1,113754,0,0,0,6140,0,0,0,30616,0,0
KCNQ1,11,2549207,custom_76,G,A,gnomAD Exomes,PASS,NA,p.Glu146Lys,p.Glu146Lys,c.436G>A,missense_variant,,2,251412,0.000007955069765961848,0,0,1,16256,0,0,1,34582,0,0,0,10080,0,0,0,18392,0,0,0,21590,0,0,0,113756,0,0,0,6140,0,0,0,30616,0,0
KCNQ1,11,2549207,custom_77,G,C,gnomAD Exomes,PASS,NA,p.Glu146Gln,p.Glu146Gln,c.436G>C,missense_variant,,1,251412,0.000003977534882980924,0,0,0,16256,0,0,0,34582,0,0,0,10080,0,0,0,18392,0,0,0,21590,0,0,1,113756,0,0,0,6140,0,0,0,30616,0,0
KCNQ1,11,2549208,custom_78,A,G,gnomAD Exomes,PASS,NA,p.Glu146Gly,p.Glu146Gly,c.437A>G,missense_variant,,1,251426,0.0000039773134043416354,0,0,0,16256,0,0,0,34582,0,0,0,10080,0,0,0,18392,0,0,0,21602,0,0,0,113758,0,0,0,6140,0,0,1,30616,0,0
KCNQ1,11,2549211,custom_79,A,G,gnomAD Exomes,PASS,NA,p.Gln147Arg,p.Gln147Arg,c.440A>G,missense_variant,,1,251418,0.0000039774399605437955,0,0,1,16256,0,0,0,34582,0,0,0,10080,0,0,0,18392,0,0,0,21596,0,0,0,113756,0,0,0,6140,0,0,0,30616,0,0
KCNQ1,11,2549229,custom_80,C,T,"gnomAD Exomes,gnomAD Genomes",PASS,PASS,p.Thr153Met,p.Thr153Met,c.458C>T,missense_variant,,49,282700,0.00017332861690838345,0,0,13,24966,0,0,4,35434,0,0,0,10370,0,0,0,19952,0,0,0,24962,0,0,29,129174,0,0,1,7226,0,0,2,30616,0,0
KCNQ1,11,2591864,custom_81,G,A,"gnomAD Exomes,gnomAD Genomes",PASS,PASS,p.Val162Met,p.Val162Met,c.484G>A,missense_variant,,6,280908,0.000021359306249733008,0,0,0,24842,0,0,0,35392,0,0,0,10314,0,0,0,19940,0,0,0,24430,0,0,6,128190,0,0,0,7192,0,0,0,30608,0,0
KCNQ1,11,2591873,custom_82,G,A,"gnomAD Exomes,gnomAD Genomes",PASS,PASS,p.Val165Met,p.Val165Met,c.493G>A,missense_variant,,6,281064,0.000021347451114336947,0,0,4,24846,0,0,1,35394,0,0,0,10316,0,0,0,19942,0,0,0,24500,0,0,0,128272,0,0,1,7188,0,0,0,30606,0,0
KCNQ1,11,2591876,custom_83,T,G,gnomAD Exomes,PASS,NA,p.Phe166Val,p.Phe166Val,c.496T>G,missense_variant,,1,249698,0.000004004837844115692,0,0,0,16146,0,0,0,34552,0,0,0,10022,0,0,0,18382,0,0,0,21042,0,0,1,112848,0,0,0,6096,0,0,0,30610,0,0
KCNQ1,11,2591882,custom_84,G,C,gnomAD Exomes,PASS,NA,p.Gly168Arg,p.Gly168Arg,c.502G>C,missense_variant,,1,249646,0.000004005672031596741,0,0,0,16132,0,0,0,34546,0,0,0,10024,0,0,0,18372,0,0,0,21014,0,0,1,112848,0,0,0,6104,0,0,0,30606,0,0
KCNQ1,11,2591882,custom_85,G,A,gnomAD Exomes,PASS,NA,p.Gly168Arg,p.Gly168Arg,c.502G>A,missense_variant,,3,249646,0.000012017016094790223,0,0,0,16132,0,0,1,34546,0,0,0,10024,0,0,0,18372,0,0,0,21014,0,0,2,112848,0,0,0,6104,0,0,0,30606,0,0
KCNQ1,11,2591886,custom_86,C,T,gnomAD Exomes,PASS,NA,p.Thr169Met,p.Thr169Met,c.506C>T,missense_variant,,12,249616,0.00004807384142042177,0,0,2,16126,0,0,3,34548,0,0,0,10022,0,0,1,18374,0,0,0,21006,0,0,5,112832,0,0,1,6100,0,0,0,30608,0,0
KCNQ1,11,2591894,custom_87,G,A,"gnomAD Exomes,gnomAD Genomes",PASS,PASS,p.Val172Met,p.Val172Met,c.514G>A,missense_variant,,14,280938,0.00004983305925150745,0,0,0,24800,0,0,0,35398,0,0,0,10308,0,0,0,19936,0,0,0,24430,0,0,7,128274,0,0,0,7184,0,0,7,30608,0,0
KCNQ1,11,2591895,custom_88,T,A,gnomAD Exomes,PASS,NA,p.Val172Glu,p.Val172Glu,c.515T>A,missense_variant,,1,249600,0.000004006410256410256,0,0,0,16102,0,0,0,34548,0,0,0,10018,0,0,0,18376,0,0,0,20998,0,0,1,112852,0,0,0,6098,0,0,0,30608,0,0
KCNQ1,11,2591900,custom_89,C,T,gnomAD Exomes,PASS,NA,p.Arg174Cys,p.Arg174Cys,c.520C>T,missense_variant,,1,249462,0.0000040086265643665165,0,0,0,16094,0,0,1,34532,0,0,0,10018,0,0,0,18368,0,0,0,20946,0,0,0,112798,0,0,0,6098,0,0,0,30608,0,0
KCNQ1,11,2591901,custom_90,G,A,gnomAD Exomes,PASS,NA,p.Arg174His,p.Arg174His,c.521G>A,missense_variant,,1,249456,0.000004008722981207107,0,0,0,16102,0,0,0,34540,0,0,0,10018,0,0,0,18368,0,0,0,20884,0,0,0,112838,0,0,0,6098,0,0,1,30608,0,0
KCNQ1,11,2591903,custom_91,C,A,gnomAD Exomes,PASS,NA,p.Leu175Ile,p.Leu175Ile,c.523C>A,missense_variant,,3,249538,0.00001202221705712156,0,0,0,16106,0,0,3,34536,0,0,0,10014,0,0,0,18370,0,0,0,20948,0,0,0,112858,0,0,0,6098,0,0,0,30608,0,0
KCNQ1,11,2591912,custom_92,G,A,gnomAD Exomes,PASS,NA,p.Ala178Thr,p.Ala178Thr,c.532G>A,missense_variant,,1,248870,0.000004018162092658818,0,0,0,16016,0,0,0,34508,0,0,0,10004,0,0,0,18340,0,0,0,20788,0,0,0,112542,0,0,0,6066,0,0,1,30606,0,0
KCNQ1,11,2591921,custom_93,C,T,"gnomAD Exomes,gnomAD Genomes",PASS,PASS,p.Arg181Cys,p.Arg181Cys,c.541C>T,missense_variant,,6,281096,0.0000213450209181205,0,0,0,24822,0,0,1,35394,0,0,0,10318,0,0,2,19934,0,0,0,24438,0,0,3,128392,0,0,0,7190,0,0,0,30608,0,0
KCNQ1,11,2591933,custom_94,G,A,gnomAD Exomes,PASS,NA,p.Val185Met,p.Val185Met,c.553G>A,missense_variant,,3,249674,0.000012015668431634852,0,0,0,16138,0,0,1,34546,0,0,1,10034,0,0,0,18360,0,0,0,20860,0,0,0,113020,0,0,0,6110,0,0,1,30606,0,0
KCNQ1,11,2591933,custom_95,G,C,gnomAD Exomes,PASS,NA,p.Val185Leu,p.Val185Leu,c.553G>C,missense_variant,,9,249674,0.00003604700529490456,0,0,0,16138,0,0,9,34546,0,0,0,10034,0,0,0,18360,0,0,0,20860,0,0,0,113020,0,0,0,6110,0,0,0,30606,0,0
KCNQ1,11,2591939,custom_96,C,T,gnomAD Genomes,NA,PASS,p.Leu187Phe,p.Leu187Phe,c.559C>T,missense_variant,,1,31382,0.00003186540054808489,0,0,0,8700,0,0,0,848,0,0,0,288,0,0,0,1560,0,0,0,3474,0,0,1,15424,0,0,0,1088,0,0,0,0,0,0
KCNQ1,11,2591940,custom_97,T,C,gnomAD Exomes,PASS,NA,p.Leu187Pro,p.Leu187Pro,c.560T>C,missense_variant,,2,249636,0.00000801166498421702,0,0,0,16132,0,0,0,34550,0,0,0,10032,0,0,0,18360,0,0,0,20830,0,0,2,113024,0,0,0,6102,0,0,0,30606,0,0
KCNQ1,11,2591942,custom_98,T,G,gnomAD Exomes,PASS,NA,p.Trp188Gly,p.Trp188Gly,c.562T>G,missense_variant,,1,249470,0.000004008498015793483,0,0,0,16128,0,0,0,34544,0,0,0,10038,0,0,1,18358,0,0,0,20684,0,0,0,113012,0,0,0,6102,0,0,0,30604,0,0
KCNQ1,11,2591943,custom_99,G,C,gnomAD Exomes,PASS,NA,p.Trp188Ser,p.Trp188Ser,c.563G>C,missense_variant,,1,249450,0.000004008819402685909,0,0,0,16128,0,0,1,34544,0,0,0,10034,0,0,0,18360,0,0,0,20660,0,0,0,113014,0,0,0,6104,0,0,0,30606,0,0
KCNQ1,11,2591944,custom_100,G,C,gnomAD Exomes,PASS,NA,p.Trp188Cys,p.Trp188Cys,c.564G>C,missense_variant,,1,249486,0.0000040082409433795885,0,0,1,16132,0,0,0,34546,0,0,0,10036,0,0,0,18360,0,0,0,20678,0,0,0,113026,0,0,0,6102,0,0,0,30606,0,0
KCNQ1,11,2591948,custom_101,C,T,gnomAD Exomes,PASS,NA,p.Arg190Trp,p.Arg190Trp,c.568C>T,missense_variant,,1,249344,0.000004010523613963039,0,0,0,16126,0,0,1,34536,0,0,0,10040,0,0,0,18356,0,0,0,20598,0,0,0,112988,0,0,0,6100,0,0,0,30600,0,0
KCNQ1,11,2591949,custom_102,G,A,gnomAD Exomes,PASS,NA,p.Arg190Gln,p.Arg190Gln,c.569G>A,missense_variant,,1,249462,0.0000040086265643665165,0,0,0,16140,0,0,0,34542,0,0,0,10040,0,0,0,18358,0,0,0,20662,0,0,1,113014,0,0,0,6102,0,0,0,30604,0,0
KCNQ1,11,2591949,custom_103,G,T,gnomAD Exomes,PASS,NA,p.Arg190Leu,p.Arg190Leu,c.569G>T,missense_variant,,1,249462,0.0000040086265643665165,0,0,0,16140,0,0,0,34542,0,0,0,10040,0,0,0,18358,0,0,0,20662,0,0,1,113014,0,0,0,6102,0,0,0,30604,0,0
KCNQ1,11,2591954,custom_104,C,T,"gnomAD Exomes,gnomAD Genomes",PASS,PASS,p.Arg192Cys,p.Arg192Cys,c.574C>T,missense_variant,,11,280628,0.00003919779922174551,0,0,0,24838,0,0,0,35386,0,0,0,10330,0,0,10,19916,0,0,0,23952,0,0,1,128416,0,0,0,7186,0,0,0,30604,0,0
KCNQ1,11,2591955,custom_105,G,A,"gnomAD Exomes,gnomAD Genomes",PASS,PASS,p.Arg192His,p.Arg192His,c.575G>A,missense_variant,,3,280662,0.000010689013831583897,0,0,0,24842,0,0,0,35396,0,0,0,10328,0,0,1,19918,0,0,1,23974,0,0,1,128412,0,0,0,7188,0,0,0,30604,0,0
KCNQ1,11,2591960,custom_106,G,A,gnomAD Exomes,PASS,NA,p.Ala194Thr,p.Ala194Thr,c.580G>A,missense_variant,,1,249134,0.0000040139041640241795,0,0,0,16142,0,0,0,34548,0,0,0,10040,0,0,0,18356,0,0,1,20342,0,0,0,113006,0,0,0,6094,0,0,0,30606,0,0
KCNQ1,11,2591963,custom_107,C,T,"gnomAD Exomes,gnomAD Genomes",PASS,PASS,p.Arg195Trp,p.Arg195Trp,c.583C>T,missense_variant,,8,280548,0.00002851561943054308,0,0,0,24838,0,0,0,35396,0,0,0,10330,0,0,0,19918,0,0,0,23858,0,0,8,128418,0,0,0,7186,0,0,0,30604,0,0
KCNQ1,11,2591964,custom_108,G,A,"gnomAD Exomes,gnomAD Genomes",PASS,PASS,p.Arg195Gln,p.Arg195Gln,c.584G>A,missense_variant,,11,280490,0.00003921708438803522,0,0,1,24834,0,0,0,35392,0,0,0,10334,0,0,0,19914,0,0,0,23826,0,0,9,128398,0,0,1,7190,0,0,0,30602,0,0
KCNQ1,11,2591970,custom_109,C,T,gnomAD Exomes,PASS,NA,p.Pro197Leu,p.Pro197Leu,c.590C>T,missense_variant,,13,249032,0.00005220212663432812,0,0,0,16148,0,0,0,34552,0,0,0,10040,0,0,0,18356,0,0,0,20176,0,0,13,113056,0,0,0,6100,0,0,0,30604,0,0
KCNQ1,11,2591972,custom_110,A,G,gnomAD Exomes,PASS,NA,p.Ile198Val,p.Ile198Val,c.592A>G,missense_variant,,5,249020,0.00002007870853746687,0,0,0,16154,0,0,0,34550,0,0,0,10046,0,0,0,18358,0,0,0,20148,0,0,5,113060,0,0,0,6102,0,0,0,30602,0,0
KCNQ1,11,2591973,custom_111,T,C,gnomAD Exomes,PASS,NA,p.Ile198Thr,p.Ile198Thr,c.593T>C,missense_variant,,1,249062,0.00000401506452208687,0,0,0,16158,0,0,0,34550,0,0,0,10042,0,0,1,18360,0,0,0,20170,0,0,0,113072,0,0,0,6106,0,0,0,30604,0,0
KCNQ1,11,2591984,custom_112,G,A,"gnomAD Exomes,gnomAD Genomes",PASS,PASS,p.Asp202Asn,p.Asp202Asn,c.604G>A,missense_variant,,3,279614,0.00001072907651262097,0,0,0,24844,0,0,1,35398,0,0,0,10334,0,0,0,19914,0,0,0,22956,0,0,1,128390,0,0,0,7174,0,0,1,30604,0,0
KCNQ1,11,2592563,custom_113,G,A,"gnomAD Exomes,gnomAD Genomes",PASS,PASS,p.Val205Met,p.Val205Met,c.613G>A,missense_variant,,3,281894,0.00001064229816881523,0,0,2,24882,0,0,0,35426,0,0,0,10340,0,0,0,19944,0,0,0,25004,0,0,1,128484,0,0,0,7200,0,0,0,30614,0,0
KCNQ1,11,2592566,custom_114,G,C,gnomAD Exomes,PASS,NA,p.Val206Leu,p.Val206Leu,c.616G>C,missense_variant,,1,250548,0.000003991251177419097,0,0,0,16190,0,0,0,34578,0,0,0,10050,0,0,0,18386,0,0,0,21532,0,0,1,113084,0,0,0,6114,0,0,0,30614,0,0
KCNQ1,11,2592569,custom_115,G,A,"gnomAD Exomes,gnomAD Genomes",PASS,PASS,p.Val207Met,p.Val207Met,c.619G>A,missense_variant,,76,281846,0.00026965080221113657,0,0,71,24878,0,0,5,35426,0,0,0,10342,0,0,0,19946,0,0,0,24938,0,0,0,128506,0,0,0,7198,0,0,0,30612,0,0
KCNQ1,11,2592569,custom_116,G,C,gnomAD Exomes,PASS,NA,p.Val207Leu,p.Val207Leu,c.619G>C,missense_variant,,1,250484,0.000003992270963414829,0,0,0,16188,0,0,0,34578,0,0,0,10052,0,0,1,18388,0,0,0,21464,0,0,0,113090,0,0,0,6112,0,0,0,30612,0,0
KCNQ1,11,2592569,custom_117,G,T,gnomAD Exomes,PASS,NA,p.Val207Leu,p.Val207Leu,c.619G>T,missense_variant,,1,250484,0.000003992270963414829,0,0,0,16188,0,0,0,34578,0,0,0,10052,0,0,1,18388,0,0,0,21464,0,0,0,113090,0,0,0,6112,0,0,0,30612,0,0
KCNQ1,11,2592573,custom_118,C,T,gnomAD Exomes,PASS,NA,p.Ala208Val,p.Ala208Val,c.623C>T,missense_variant,,1,250536,0.000003991442347606731,0,0,0,16186,0,0,0,34582,0,0,0,10054,0,0,0,18388,0,0,0,21492,0,0,1,113110,0,0,0,6110,0,0,0,30614,0,0
KCNQ1,11,2592580,custom_119,G,A,gnomAD Exomes,PASS,NA,p.Met210Ile,p.Met210Ile,c.630G>A,missense_variant,,1,250528,0.000003991569804572743,0,0,0,16188,0,0,0,34580,0,0,0,10050,0,0,0,18388,0,0,0,21496,0,0,1,113102,0,0,0,6110,0,0,0,30614,0,0
KCNQ1,11,2592591,custom_120,G,A,gnomAD Exomes,PASS,NA,p.Cys214Tyr,p.Cys214Tyr,c.641G>A,missense_variant,,4,250378,0.0000159758445230811,0,0,0,16184,0,0,0,34578,0,0,0,10052,0,0,0,18390,0,0,0,21390,0,0,4,113060,0,0,0,6110,0,0,0,30614,0,0
KCNQ1,11,2592593,custom_121,G,A,gnomAD Exomes,PASS,NA,p.Val215Met,p.Val215Met,c.643G>A,missense_variant,,3,250306,0.000011985329956133692,0,0,0,16186,0,0,0,34580,0,0,0,10052,0,0,0,18390,0,0,0,21324,0,0,3,113046,0,0,0,6112,0,0,0,30616,0,0
KCNQ1,11,2592594,custom_122,T,G,gnomAD Exomes,PASS,NA,p.Val215Gly,p.Val215Gly,c.644T>G,missense_variant,,1,250346,0.000003994471651234691,0,0,0,16190,0,0,0,34580,0,0,0,10052,0,0,0,18390,0,0,0,21368,0,0,1,113040,0,0,0,6110,0,0,0,30616,0,0
KCNQ1,11,2592606,custom_123,G,A,gnomAD Exomes,PASS,NA,p.Gly219Glu,p.Gly219Glu,c.656G>A,missense_variant,,2,250012,0.000007999616018431116,0,0,0,16162,0,0,0,34574,0,0,0,10042,0,0,0,18386,0,0,0,21218,0,0,0,112910,0,0,0,6104,0,0,2,30616,0,0
KCNQ1,11,2592608,custom_124,C,A,gnomAD Exomes,PASS,NA,p.Gln220Lys,p.Gln220Lys,c.658C>A,missense_variant,,10,249844,0.00004002497558476489,0,0,0,16154,0,0,0,34570,0,0,0,10044,0,0,0,18386,0,0,0,21124,0,0,0,112848,0,0,0,6102,0,0,10,30616,0,0
KCNQ1,11,2592621,custom_125,C,T,gnomAD Exomes,PASS,NA,p.Thr224Met,p.Thr224Met,c.671C>T,missense_variant,,1,248566,0.00000402307636603558,0,0,0,16122,0,0,0,34562,0,0,0,10028,0,0,0,18376,0,0,0,20286,0,0,1,112482,0,0,0,6098,0,0,0,30612,0,0
KCNQ1,11,2592624,custom_126,C,T,gnomAD Exomes,PASS,NA,p.Ser225Leu,p.Ser225Leu,c.674C>T,missense_variant,,3,248308,0.00001208176941540345,0,0,0,16122,0,0,0,34562,0,0,0,10028,0,0,0,18374,0,0,0,20124,0,0,2,112392,0,0,0,6094,0,0,1,30612,0,0
KCNQ1,11,2593250,custom_127,C,T,gnomAD Genomes,NA,PASS,p.Arg231Cys,p.Arg231Cys,c.691C>T,missense_variant,,1,31342,0.000031906068534235215,0,0,0,8694,0,0,0,848,0,0,0,290,0,0,0,1560,0,0,0,3470,0,0,1,15392,0,0,0,1088,0,0,0,0,0,0
KCNQ1,11,2593251,custom_128,G,A,gnomAD Genomes,NA,PASS,p.Arg231His,p.Arg231His,c.692G>A,missense_variant,,1,31330,0.00003191828917969997,0,0,0,8688,0,0,0,848,0,0,1,290,0,0,0,1558,0,0,0,3470,0,0,0,15388,0,0,0,1088,0,0,0,0,0,0
KCNQ1,11,2593257,custom_129,T,C,gnomAD Exomes,PASS,NA,p.Leu233Pro,p.Leu233Pro,c.698T>C,missense_variant,,1,248738,0.0000040202944463652515,0,0,1,15980,0,0,0,34470,0,0,0,9996,0,0,0,18338,0,0,0,21148,0,0,0,112188,0,0,0,6072,0,0,0,30546,0,0
KCNQ1,11,2593261,custom_130,G,C,gnomAD Exomes,PASS,NA,p.Gln234His,p.Gln234His,c.702G>C,missense_variant,,1,248876,0.000004018065221234671,0,0,0,16000,0,0,0,34474,0,0,1,10002,0,0,0,18344,0,0,0,21176,0,0,0,112232,0,0,0,6076,0,0,0,30572,0,0
KCNQ1,11,2593271,custom_131,A,G,gnomAD Exomes,PASS,NA,p.Met238Val,p.Met238Val,c.712A>G,missense_variant,,2,249130,0.000008027937221530928,0,0,0,16016,0,0,0,34496,0,0,0,10008,0,0,0,18354,0,0,2,21248,0,0,0,112346,0,0,0,6080,0,0,0,30582,0,0
KCNQ1,11,2593271,custom_132,A,C,gnomAD Exomes,PASS,NA,p.Met238Leu,p.Met238Leu,c.712A>C,missense_variant,,1,249130,0.000004013968610765464,0,0,0,16016,0,0,0,34496,0,0,0,10008,0,0,0,18354,0,0,0,21248,0,0,0,112346,0,0,0,6080,0,0,1,30582,0,0
KCNQ1,11,2593278,custom_133,A,G,gnomAD Exomes,PASS,NA,p.His240Arg,p.His240Arg,c.719A>G,missense_variant,,8,249160,0.0000321078824851501,0,0,0,16008,0,0,0,34494,0,0,0,10004,0,0,0,18354,0,0,0,21258,0,0,0,112370,0,0,0,6082,0,0,8,30590,0,0
KCNQ1,11,2593280,custom_134,G,A,gnomAD Exomes,PASS,NA,p.Val241Ile,p.Val241Ile,c.721G>A,missense_variant,,3,249108,0.000012042969314514187,0,0,0,16008,0,0,1,34492,0,0,0,10004,0,0,0,18354,0,0,0,21238,0,0,1,112342,0,0,1,6078,0,0,0,30592,0,0
KCNQ1,11,2593283,custom_135,G,A,gnomAD Exomes,PASS,NA,p.Asp242Asn,p.Asp242Asn,c.724G>A,missense_variant,,1,249004,0.000004015999742976016,0,0,0,15998,0,0,0,34496,0,0,0,10002,0,0,0,18348,0,0,0,21204,0,0,1,112294,0,0,0,6076,0,0,0,30586,0,0
KCNQ1,11,2593286,custom_136,C,T,gnomAD Exomes,PASS,NA,p.Arg243Cys,p.Arg243Cys,c.727C>T,missense_variant,,1,249086,0.000004014677661530556,0,0,0,16008,0,0,0,34498,0,0,0,9998,0,0,0,18346,0,0,0,21228,0,0,1,112334,0,0,0,6084,0,0,0,30590,0,0
KCNQ1,11,2593287,custom_137,G,A,"gnomAD Exomes,gnomAD Genomes",PASS,PASS,p.Arg243His,p.Arg243His,c.728G>A,missense_variant,,2,280356,0.0000071337870421892166,0,0,1,24684,0,0,0,35344,0,0,0,10290,0,0,0,19908,0,0,0,24658,0,0,0,127720,0,0,0,7168,0,0,1,30584,0,0
KCNQ1,11,2593306,custom_138,G,T,gnomAD Exomes,PASS,NA,p.Arg249Ser,p.Arg249Ser,c.747G>T,missense_variant,,2,248374,0.0000080523726315959,0,0,0,15922,0,0,1,34458,0,0,0,9978,0,0,0,18332,0,0,0,21052,0,0,1,112014,0,0,0,6038,0,0,0,30580,0,0
KCNQ1,11,2593313,custom_139,G,C,gnomAD Genomes,NA,PASS,p.Gly252Arg,p.Gly252Arg,c.754G>C,missense_variant,,1,31348,0.00003189996172004593,0,0,1,8690,0,0,0,846,0,0,0,290,0,0,0,1558,0,0,0,3474,0,0,0,15402,0,0,0,1088,0,0,0,0,0,0
KCNQ1,11,2593316,custom_140,T,C,gnomAD Exomes,PASS,NA,p.Ser253Pro,p.Ser253Pro,c.757T>C,missense_variant,,1,247654,0.000004037891574535441,0,0,0,15824,0,0,0,34424,0,0,0,9962,0,0,0,18314,0,0,0,20902,0,0,0,111642,0,0,0,6026,0,0,1,30560,0,0
KCNQ1,11,2593316,custom_141,T,G,gnomAD Exomes,PASS,NA,p.Ser253Ala,p.Ser253Ala,c.757T>G,missense_variant,,1,247654,0.000004037891574535441,0,0,0,15824,0,0,0,34424,0,0,1,9962,0,0,0,18314,0,0,0,20902,0,0,0,111642,0,0,0,6026,0,0,0,30560,0,0
KCNQ1,11,2593328,custom_142,A,G,gnomAD Exomes,PASS,NA,p.Ile257Val,p.Ile257Val,c.769A>G,missense_variant,,1,246316,0.000004059825589892658,0,0,0,15640,0,0,0,34364,0,0,0,9928,0,0,0,18268,0,0,0,20664,0,0,1,110994,0,0,0,5982,0,0,0,30476,0,0
KCNQ1,11,2593331,custom_143,C,T,gnomAD Exomes,PASS,NA,p.His258Tyr,p.His258Tyr,c.772C>T,missense_variant,,1,245832,0.0000040678186729148365,0,0,0,15596,0,0,0,34346,0,0,0,9916,0,0,0,18246,0,0,0,20536,0,0,1,110776,0,0,0,5978,0,0,0,30438,0,0
KCNQ1,11,2593334,custom_144,C,T,gnomAD Exomes,PASS,NA,p.Arg259Cys,p.Arg259Cys,c.775C>T,missense_variant,,1,245266,0.000004077205972291308,0,0,0,15518,0,0,0,34312,0,0,0,9912,0,0,1,18224,0,0,0,20418,0,0,0,110482,0,0,0,5980,0,0,0,30420,0,0
KCNQ1,11,2593335,custom_145,G,A,"gnomAD Exomes,gnomAD Genomes",PASS,PASS,p.Arg259His,p.Arg259His,c.776G>A,missense_variant,,5,276234,0.000018100595871616094,0,0,1,24184,0,0,0,35146,0,0,0,10200,0,0,0,19756,0,0,0,23768,0,0,4,125742,0,0,0,7058,0,0,0,30380,0,0
KCNQ1,11,2594095,custom_146,A,G,gnomAD Exomes,PASS,NA,p.Tyr267Cys,p.Tyr267Cys,c.800A>G,missense_variant,,1,250592,0.000003990550376707955,0,0,0,16146,0,0,0,34554,0,0,0,10038,0,0,0,18384,0,0,0,21626,0,0,1,113124,0,0,0,6116,0,0,0,30604,0,0
KCNQ1,11,2594097,custom_147,A,G,gnomAD Exomes,PASS,NA,p.Ile268Val,p.Ile268Val,c.802A>G,missense_variant,,2,250550,0.000007982438635002993,0,0,0,16136,0,0,0,34548,0,0,0,10034,0,0,1,18380,0,0,0,21628,0,0,1,113100,0,0,0,6118,0,0,0,30606,0,0
KCNQ1,11,2594100,custom_148,G,A,gnomAD Exomes,PASS,NA,p.Gly269Ser,p.Gly269Ser,c.805G>A,missense_variant,,1,250528,0.000003991569804572743,0,0,0,16130,0,0,1,34546,0,0,0,10028,0,0,0,18382,0,0,0,21628,0,0,0,113088,0,0,0,6118,0,0,0,30608,0,0
KCNQ1,11,2594104,custom_149,T,C,gnomAD Exomes,PASS,NA,p.Phe270Ser,p.Phe270Ser,c.809T>C,missense_variant,,2,250498,0.000007984095681402646,1,0,0,16128,0,0,0,34538,0,0,0,10036,0,0,0,18382,0,0,0,21630,0,0,0,113068,0,0,0,6110,0,0,2,30606,1,0
KCNQ1,11,2594109,custom_150,G,A,gnomAD Exomes,PASS,NA,p.Gly272Ser,p.Gly272Ser,c.814G>A,missense_variant,,2,250428,0.000007986327407478397,0,0,0,16120,0,0,0,34540,0,0,0,10032,0,0,0,18376,0,0,0,21610,0,0,2,113034,0,0,0,6108,0,0,0,30608,0,0
KCNQ1,11,2594110,custom_151,G,A,gnomAD Exomes,PASS,NA,p.Gly272Asp,p.Gly272Asp,c.815G>A,missense_variant,,2,250430,0.000007986263626562313,0,0,0,16124,0,0,2,34540,0,0,0,10032,0,0,0,18378,0,0,0,21614,0,0,0,113030,0,0,0,6108,0,0,0,30604,0,0
KCNQ1,11,2594112,custom_152,C,G,gnomAD Genomes,NA,PASS,p.Leu273Val,p.Leu273Val,c.817C>G,missense_variant,,2,31400,0.00006369426751592356,0,0,0,8714,0,0,0,848,0,0,0,290,0,0,0,1560,0,0,0,3476,0,0,2,15424,0,0,0,1088,0,0,0,0,0,0
KCNQ1,11,2594112,custom_153,C,T,gnomAD Exomes,PASS,NA,p.Leu273Phe,p.Leu273Phe,c.817C>T,missense_variant,,1,250444,0.000003992908594336458,0,0,0,16128,0,0,0,34542,0,0,0,10034,0,0,0,18382,0,0,0,21618,0,0,1,113026,0,0,0,6108,0,0,0,30606,0,0
KCNQ1,11,2594115,custom_154,A,G,"gnomAD Exomes,gnomAD Genomes",PASS,PASS,p.Ile274Val,p.Ile274Val,c.820A>G,missense_variant,,49,281866,0.0001738414707697984,1,0,2,24840,0,0,0,35394,0,0,0,10332,0,0,0,19944,0,0,16,25086,1,0,30,128470,0,0,1,7194,0,0,0,30606,0,0
KCNQ1,11,2594154,custom_155,G,T,gnomAD Exomes,PASS,NA,p.Ala287Ser,p.Ala287Ser,c.859G>T,missense_variant,,1,250332,0.0000039946950449802664,0,0,0,16106,0,0,0,34536,0,0,0,10032,0,0,0,18382,0,0,0,21602,0,0,1,112960,0,0,0,6112,0,0,0,30602,0,0
KCNQ1,11,2594154,custom_156,G,A,gnomAD Exomes,PASS,NA,p.Ala287Thr,p.Ala287Thr,c.859G>A,missense_variant,,11,250332,0.00004394164549478293,0,0,0,16106,0,0,5,34536,0,0,0,10032,0,0,4,18382,0,0,0,21602,0,0,1,112960,0,0,0,6112,0,0,1,30602,0,0
KCNQ1,11,2594155,custom_157,C,A,gnomAD Exomes,PASS,NA,p.Ala287Glu,p.Ala287Glu,c.860C>A,missense_variant,,13,250332,0.00005193103558474346,0,0,0,16116,0,0,0,34542,0,0,0,10032,0,0,0,18382,0,0,0,21594,0,0,12,112954,0,0,1,6112,0,0,0,30600,0,0
KCNQ1,11,2594163,custom_158,G,A,"gnomAD Exomes,gnomAD Genomes",PASS,PASS,p.Glu290Lys,p.Glu290Lys,c.868G>A,missense_variant,,5,281678,0.000017750765057973998,0,0,0,24826,0,0,2,35374,0,0,0,10318,0,0,0,19942,0,0,0,25048,0,0,3,128372,0,0,0,7198,0,0,0,30600,0,0
KCNQ1,11,2594170,custom_159,G,A,"gnomAD Exomes,gnomAD Genomes",PASS,PASS,p.Gly292Asp,p.Gly292Asp,c.875G>A,missense_variant,,12,281670,0.000042603046117797425,0,0,0,24814,0,0,0,35382,0,0,0,10318,0,0,0,19942,0,0,0,25062,0,0,12,128354,0,0,0,7194,0,0,0,30604,0,0
KCNQ1,11,2594172,custom_160,C,T,"gnomAD Exomes,gnomAD Genomes",PASS,PASS,p.Arg293Cys,p.Arg293Cys,c.877C>T,missense_variant,,10,281640,0.00003550632012498225,0,0,1,24814,0,0,0,35378,0,0,0,10324,0,0,0,19944,0,0,0,25048,0,0,5,128338,0,0,0,7190,0,0,4,30604,0,0
KCNQ1,11,2594173,custom_161,G,A,gnomAD Exomes,PASS,NA,p.Arg293His,p.Arg293His,c.878G>A,missense_variant,,4,250276,0.000015982355479550578,0,0,0,16104,0,0,0,34528,0,0,0,10030,0,0,0,18384,0,0,0,21582,0,0,2,112934,0,0,0,6104,0,0,2,30610,0,0
KCNQ1,11,2594175,custom_162,G,A,gnomAD Exomes,PASS,NA,p.Val294Met,p.Val294Met,c.880G>A,missense_variant,,4,250240,0.0000159846547314578,0,0,0,16106,0,0,1,34532,0,0,0,10032,0,0,0,18382,0,0,0,21554,0,0,3,112924,0,0,0,6106,0,0,0,30604,0,0
KCNQ1,11,2594184,custom_163,G,C,gnomAD Exomes,PASS,NA,p.Gly297Arg,p.Gly297Arg,c.889G>C,missense_variant,,1,250094,0.0000039984965652914505,0,0,0,16102,0,0,1,34520,0,0,0,10026,0,0,0,18380,0,0,0,21502,0,0,0,112858,0,0,0,6106,0,0,0,30600,0,0
KCNQ1,11,2594184,custom_164,G,A,gnomAD Exomes,PASS,NA,p.Gly297Ser,p.Gly297Ser,c.889G>A,missense_variant,,5,250094,0.000019992482826457253,0,0,2,16102,0,0,0,34520,0,0,0,10026,0,0,0,18380,0,0,0,21502,0,0,0,112858,0,0,0,6106,0,0,3,30600,0,0
KCNQ1,11,2594185,custom_165,G,A,gnomAD Exomes,PASS,NA,p.Gly297Asp,p.Gly297Asp,c.890G>A,missense_variant,,1,250068,0.000003998912295855527,0,0,0,16102,0,0,0,34520,0,0,0,10022,0,0,0,18382,0,0,0,21490,0,0,1,112844,0,0,0,6104,0,0,0,30604,0,0
KCNQ1,11,2594188,custom_166,G,A,gnomAD Exomes,PASS,NA,p.Ser298Asn,p.Ser298Asn,c.893G>A,missense_variant,,1,250082,0.0000039986884301948965,0,0,0,16098,0,0,0,34524,0,0,0,10022,0,0,0,18382,0,0,0,21492,0,0,1,112862,0,0,0,6104,0,0,0,30598,0,0
KCNQ1,11,2594193,custom_167,G,A,gnomAD Exomes,PASS,NA,p.Ala300Thr,p.Ala300Thr,c.898G>A,missense_variant,,12,249914,0.000048016517682082635,0,0,0,16090,0,0,9,34512,0,0,1,10016,0,0,0,18380,0,0,0,21434,0,0,2,112792,0,0,0,6102,0,0,0,30588,0,0
KCNQ1,11,2594200,custom_168,C,T,gnomAD Exomes,PASS,NA,p.Ala302Val,p.Ala302Val,c.905C>T,missense_variant,,1,249650,0.000004005607850991388,0,0,0,16070,0,0,1,34488,0,0,0,10012,0,0,0,18376,0,0,0,21340,0,0,0,112698,0,0,0,6094,0,0,0,30572,0,0
KCNQ1,11,2594209,custom_169,G,C,gnomAD Exomes,PASS,NA,p.Trp305Ser,p.Trp305Ser,c.914G>C,missense_variant,,1,249180,0.000004013163175214704,0,0,0,16054,0,0,0,34470,0,0,0,9996,0,0,0,18382,0,0,0,21186,0,0,1,112460,0,0,0,6076,0,0,0,30556,0,0
KCNQ1,11,2594209,custom_170,G,T,gnomAD Exomes,PASS,NA,p.Trp305Leu,p.Trp305Leu,c.914G>T,missense_variant,,1,249180,0.000004013163175214704,0,0,0,16054,0,0,0,34470,0,0,0,9996,0,0,0,18382,0,0,0,21186,0,0,0,112460,0,0,1,6076,0,0,0,30556,0,0
KCNQ1,11,2604675,custom_171,C,T,gnomAD Exomes,PASS,NA,p.Thr311Ile,p.Thr311Ile,c.932C>T,missense_variant,,1,251328,0.00000397886427298192,0,0,0,16242,0,0,0,34588,0,0,0,10068,0,0,1,18390,0,0,0,21632,0,0,0,113658,0,0,0,6134,0,0,0,30616,0,0
KCNQ1,11,2604698,custom_172,G,T,gnomAD Exomes,PASS,NA,p.Val319Leu,p.Val319Leu,c.955G>T,missense_variant,,1,251384,0.00000397797791426662,0,0,0,16246,0,0,0,34588,0,0,0,10070,0,0,0,18390,0,0,0,21638,0,0,1,113700,0,0,0,6136,0,0,0,30616,0,0
KCNQ1,11,2604708,custom_173,C,T,gnomAD Exomes,PASS,NA,p.Thr322Met,p.Thr322Met,c.965C>T,missense_variant,,1,251390,0.000003977882970683003,0,0,0,16248,0,0,0,34590,0,0,0,10076,0,0,0,18390,0,0,0,21640,0,0,1,113694,0,0,0,6136,0,0,0,30616,0,0
KCNQ1,11,2604722,custom_174,A,G,gnomAD Exomes,PASS,NA,p.Thr327Ala,p.Thr327Ala,c.979A>G,missense_variant,,1,251388,0.000003977914618040638,0,0,0,16246,0,0,0,34588,0,0,0,10074,0,0,0,18390,0,0,0,21644,0,0,0,113694,0,0,0,6136,0,0,1,30616,0,0
KCNQ1,11,2604723,custom_175,C,G,gnomAD Exomes,PASS,NA,p.Thr327Ser,p.Thr327Ser,c.980C>G,missense_variant,,1,251400,0.0000039777247414478914,0,0,0,16250,0,0,0,34590,0,0,0,10074,0,0,0,18390,0,0,0,21644,0,0,0,113700,0,0,0,6136,0,0,1,30616,0,0
KCNQ1,11,2604728,custom_176,G,A,gnomAD Exomes,PASS,NA,p.Ala329Thr,p.Ala329Thr,c.985G>A,missense_variant,,3,251396,0.00001193336409489411,0,0,1,16248,0,0,0,34590,0,0,1,10072,0,0,0,18390,0,0,0,21646,0,0,1,113700,0,0,0,6134,0,0,0,30616,0,0
KCNQ1,11,2604749,custom_177,G,T,gnomAD Exomes,PASS,NA,p.Ala336Ser,p.Ala336Ser,c.1006G>T,missense_variant,,1,251332,0.000003978800948546146,0,0,0,16244,0,0,0,34588,0,0,0,10068,0,0,0,18390,0,0,0,21648,0,0,0,113644,0,0,1,6134,0,0,0,30616,0,0
KCNQ1,11,2604762,custom_178,T,C,gnomAD Exomes,PASS,NA,p.Phe340Ser,p.Phe340Ser,c.1019T>C,missense_variant,,1,251248,0.000003980131185123862,0,0,0,16230,0,0,0,34582,0,0,0,10070,0,0,1,18390,0,0,0,21648,0,0,0,113578,0,0,0,6134,0,0,0,30616,0,0
KCNQ1,11,2606460,custom_179,T,C,gnomAD Exomes,PASS,NA,p.Phe351Leu,p.Phe351Leu,c.1051T>C,missense_variant,,1,251344,0.000003978610987332103,0,0,0,16250,0,0,0,34582,0,0,0,10072,0,0,0,18392,0,0,0,21632,0,0,0,113666,0,0,0,6134,0,0,1,30616,0,0
KCNQ1,11,2606494,custom_180,A,G,gnomAD Exomes,PASS,NA,p.Lys362Arg,p.Lys362Arg,c.1085A>G,missense_variant,,10,251350,0.000039785160135269546,0,0,1,16248,0,0,0,34582,0,0,0,10074,0,0,0,18392,0,0,0,21642,0,0,9,113664,0,0,0,6132,0,0,0,30616,0,0
KCNQ1,11,2606499,custom_181,T,C,gnomAD Exomes,PASS,NA,p.Phe364Leu,p.Phe364Leu,c.1090T>C,missense_variant,,1,251312,0.000003979117590883046,0,0,0,16244,0,0,0,34578,0,0,0,10070,0,0,1,18392,0,0,0,21642,0,0,0,113638,0,0,0,6132,0,0,0,30616,0,0
KCNQ1,11,2606506,custom_182,G,A,gnomAD Exomes,PASS,NA,p.Arg366Gln,p.Arg366Gln,c.1097G>A,missense_variant,,1,251240,0.000003980257920713262,0,0,0,16244,0,0,0,34578,0,0,0,10068,0,0,0,18390,0,0,0,21628,0,0,1,113588,0,0,0,6130,0,0,0,30614,0,0
KCNQ1,11,2606518,custom_183,C,T,"gnomAD Exomes,gnomAD Genomes",PASS,PASS,p.Ala370Val,p.Ala370Val,c.1109C>T,missense_variant,,41,282548,0.00014510808782932456,1,0,0,24944,0,0,0,35418,0,0,0,10356,0,0,0,19948,0,0,1,25068,0,0,5,128978,0,0,1,7220,0,0,34,30616,1,0
KCNQ1,11,2606530,custom_184,T,A,gnomAD Exomes,PASS,NA,p.Leu374His,p.Leu374His,c.1121T>A,missense_variant,,1,251078,0.000003982826054054915,0,0,0,16242,0,0,1,34566,0,0,0,10060,0,0,0,18390,0,0,0,21584,0,0,0,113490,0,0,0,6130,0,0,0,30616,0,0
KCNQ1,11,2608803,custom_185,G,A,"gnomAD Exomes,gnomAD Genomes",PASS,PASS,p.Ala378Thr,p.Ala378Thr,c.1132G>A,missense_variant,,4,282386,0.000014165008180292224,0,0,0,24934,0,0,0,35420,0,0,0,10358,0,0,1,19944,0,0,0,25064,0,0,2,128832,0,0,0,7218,0,0,1,30616,0,0
KCNQ1,11,2608813,custom_186,G,A,gnomAD Exomes,PASS,NA,p.Cys381Tyr,p.Cys381Tyr,c.1142G>A,missense_variant,,3,251142,0.000011945433260864372,0,0,0,16236,0,0,0,34572,0,0,0,10070,0,0,0,18384,0,0,0,21610,0,0,3,113524,0,0,0,6130,0,0,0,30616,0,0
KCNQ1,11,2608824,custom_187,G,A,gnomAD Exomes,PASS,NA,p.Glu385Lys,p.Glu385Lys,c.1153G>A,missense_variant,,3,251272,0.000011939253080327295,0,0,0,16244,0,0,0,34574,0,0,0,10076,0,0,0,18386,0,0,0,21628,0,0,0,113614,0,0,0,6134,0,0,3,30616,0,0
KCNQ1,11,2608829,custom_188,C,A,"gnomAD Exomes,gnomAD Genomes",PASS,PASS,p.Asn386Lys,p.Asn386Lys,c.1158C>A,missense_variant,,2,282682,0.000007075087907967256,0,0,2,24948,0,0,0,35426,0,0,0,10364,0,0,0,19942,0,0,0,25114,0,0,0,129050,0,0,0,7222,0,0,0,30616,0,0
KCNQ1,11,2608830,custom_189,C,A,gnomAD Exomes,PASS,NA,p.Pro387Thr,p.Pro387Thr,c.1159C>A,missense_variant,,1,251302,0.000003979275930951604,0,0,0,16244,0,0,1,34578,0,0,0,10074,0,0,0,18386,0,0,0,21638,0,0,0,113632,0,0,0,6134,0,0,0,30616,0,0
KCNQ1,11,2608833,custom_190,G,A,gnomAD Exomes,PASS,NA,p.Asp388Asn,p.Asp388Asn,c.1162G>A,missense_variant,,2,251322,0.000007957918526830122,0,0,0,16244,0,0,0,34578,0,0,0,10074,0,0,0,18384,0,0,0,21638,0,0,2,113654,0,0,0,6134,0,0,0,30616,0,0
KCNQ1,11,2608833,custom_191,G,C,gnomAD Exomes,PASS,NA,p.Asp388His,p.Asp388His,c.1162G>C,missense_variant,,3,251322,0.000011936877790245183,0,0,0,16244,0,0,0,34578,0,0,0,10074,0,0,0,18384,0,0,0,21638,0,0,0,113654,0,0,0,6134,0,0,3,30616,0,0
KCNQ1,11,2608842,custom_192,A,G,gnomAD Exomes,PASS,NA,p.Thr391Ala,p.Thr391Ala,c.1171A>G,missense_variant,,1,251350,0.000003978516013526954,0,0,0,16250,0,0,0,34576,0,0,0,10076,0,0,0,18384,0,0,0,21644,0,0,1,113670,0,0,0,6134,0,0,0,30616,0,0
KCNQ1,11,2608850,custom_193,G,T,"gnomAD Exomes,gnomAD Genomes",PASS,PASS,p.Lys393Asn,p.Lys393Asn,c.1179G>T,missense_variant,,290,282762,0.0010255974989567197,1,0,4,24960,0,0,49,35424,0,0,25,10364,0,0,1,19946,0,0,16,25114,0,0,135,129118,0,0,9,7220,0,0,51,30616,1,0
KCNQ1,11,2608851,custom_194,A,C,gnomAD Genomes,NA,PASS,p.Ile394Leu,p.Ile394Leu,c.1180A>C,missense_variant,,1,31376,0.00003187149413564508,0,0,1,8710,0,0,0,848,0,0,0,290,0,0,0,1560,0,0,0,3468,0,0,0,15414,0,0,0,1086,0,0,0,0,0,0
KCNQ1,11,2608855,custom_195,A,G,gnomAD Exomes,PASS,NA,p.Tyr395Cys,p.Tyr395Cys,c.1184A>G,missense_variant,,2,251366,0.00000795652554442526,0,0,0,16248,0,0,0,34576,0,0,0,10074,0,0,0,18384,0,0,0,21644,0,0,2,113690,0,0,0,6134,0,0,0,30616,0,0
KCNQ1,11,2608860,custom_196,C,G,gnomAD Exomes,PASS,NA,p.Arg397Gly,p.Arg397Gly,c.1189C>G,missense_variant,,1,251342,0.000003978642646274797,0,0,0,16246,0,0,1,34576,0,0,0,10074,0,0,0,18384,0,0,0,21638,0,0,0,113676,0,0,0,6134,0,0,0,30614,0,0
KCNQ1,11,2608860,custom_197,C,T,"gnomAD Exomes,gnomAD Genomes",PASS,PASS,p.Arg397Trp,p.Arg397Trp,c.1189C>T,missense_variant,,53,282726,0.00018746065094826794,0,0,0,24950,0,0,2,35424,0,0,9,10364,0,0,0,19942,0,0,0,25112,0,0,39,129098,0,0,1,7222,0,0,2,30614,0,0
KCNQ1,11,2608861,custom_198,G,A,gnomAD Exomes,PASS,NA,p.Arg397Gln,p.Arg397Gln,c.1190G>A,missense_variant,,4,251362,0.000015913304318075125,0,0,0,16248,0,0,0,34576,0,0,0,10074,0,0,0,18386,0,0,1,21642,0,0,3,113686,0,0,0,6134,0,0,0,30616,0,0
KCNQ1,11,2608866,custom_199,G,T,gnomAD Exomes,PASS,NA,p.Ala399Ser,p.Ala399Ser,c.1195G>T,missense_variant,,22,251228,0.00008756985686308851,0,0,0,16228,0,0,0,34576,0,0,0,10060,0,0,0,18386,0,0,0,21620,0,0,1,113610,0,0,0,6132,0,0,21,30616,0,0
KCNQ1,11,2608867,custom_200,C,T,gnomAD Exomes,PASS,NA,p.Ala399Val,p.Ala399Val,c.1196C>T,missense_variant,,10,251214,0.000039806698671252395,0,0,1,16236,0,0,9,34578,0,0,0,10060,0,0,0,18384,0,0,0,21606,0,0,0,113602,0,0,0,6132,0,0,0,30616,0,0
KCNQ1,11,2608867,custom_201,C,G,gnomAD Exomes,PASS,NA,p.Ala399Gly,p.Ala399Gly,c.1196C>G,missense_variant,,1,251214,0.00000398066986712524,0,0,0,16236,0,0,0,34578,0,0,0,10060,0,0,0,18384,0,0,0,21606,0,0,1,113602,0,0,0,6132,0,0,0,30616,0,0
KCNQ1,11,2608872,custom_202,C,T,"gnomAD Exomes,gnomAD Genomes",PASS,PASS,p.Arg401Trp,p.Arg401Trp,c.1201C>T,missense_variant,,20,282708,0.00007074437228518471,0,0,1,24944,0,0,13,35426,0,0,0,10362,0,0,0,19946,0,0,0,25114,0,0,3,129078,0,0,1,7222,0,0,2,30616,0,0
KCNQ1,11,2608873,custom_203,G,A,"gnomAD Exomes,gnomAD Genomes",PASS,PASS,p.Arg401Gln,p.Arg401Gln,c.1202G>A,missense_variant,,3,282692,0.000010612256448714502,0,0,2,24948,0,0,0,35426,0,0,0,10358,0,0,0,19948,0,0,1,25104,0,0,0,129070,0,0,0,7222,0,0,0,30616,0,0
KCNQ1,11,2608893,custom_204,C,G,"gnomAD Exomes,gnomAD Genomes",PASS,PASS,p.Pro408Ala,p.Pro408Ala,c.1222C>G,missense_variant,,451,282720,0.001595217883418223,0,0,371,24954,0,0,67,35426,0,0,0,10362,0,0,0,19948,0,0,0,25114,0,0,10,129078,0,0,3,7222,0,0,0,30616,0,0
KCNQ1,11,2608905,custom_205,C,T,gnomAD Exomes,PASS,NA,p.Pro412Ser,p.Pro412Ser,c.1234C>T,missense_variant,,1,251280,0.000003979624323463865,0,0,0,16244,0,0,0,34576,0,0,0,10070,0,0,1,18390,0,0,0,21638,0,0,0,113616,0,0,0,6130,0,0,0,30616,0,0
KCNQ1,11,2608909,custom_206,A,G,gnomAD Exomes,PASS,NA,p.Lys413Arg,p.Lys413Arg,c.1238A>G,missense_variant,,2,251260,0.000007959882193743532,0,0,0,16242,0,0,0,34572,0,0,0,10070,0,0,0,18388,0,0,0,21644,0,0,2,113600,0,0,0,6128,0,0,0,30616,0,0
KCNQ1,11,2608917,custom_207,G,A,gnomAD Exomes,PASS,NA,p.Val416Met,p.Val416Met,c.1246G>A,missense_variant,,3,251178,0.00001194372118577264,0,0,0,16234,0,0,0,34576,0,0,0,10070,0,0,0,18386,0,0,0,21636,0,0,3,113534,0,0,0,6126,0,0,0,30616,0,0
KCNQ1,11,2609943,custom_208,G,A,gnomAD Exomes,PASS,NA,p.Val418Ile,p.Val418Ile,c.1252G>A,missense_variant,,24,250716,0.00009572584119082946,0,0,0,16182,0,0,24,34542,0,0,0,10054,0,0,0,18354,0,0,0,21554,0,0,0,113360,0,0,0,6124,0,0,0,30546,0,0
KCNQ1,11,2609949,custom_209,A,G,gnomAD Exomes,PASS,NA,p.Lys420Glu,p.Lys420Glu,c.1258A>G,missense_variant,,1,250176,0.0000039971859810693274,0,0,0,16136,0,0,1,34500,0,0,0,10034,0,0,0,18344,0,0,0,21414,0,0,0,113130,0,0,0,6114,0,0,0,30504,0,0
KCNQ1,11,2609954,custom_210,A,T,gnomAD Exomes,PASS,NA,p.Lys421Asn,p.Lys421Asn,c.1263A>T,missense_variant,,1,250930,0.000003985175148447774,0,0,0,16202,0,0,0,34544,0,0,0,10056,0,0,0,18366,0,0,0,21602,0,0,1,113482,0,0,0,6122,0,0,0,30556,0,0
KCNQ1,11,2609956,custom_211,A,C,gnomAD Exomes,PASS,NA,p.Lys422Thr,p.Lys422Thr,c.1265A>C,missense_variant,,2,250928,0.000007970413823885735,0,0,0,16202,0,0,0,34548,0,0,0,10058,0,0,0,18364,0,0,0,21590,0,0,0,113488,0,0,0,6126,0,0,2,30552,0,0
KCNQ1,11,2609956,custom_212,A,G,gnomAD Genomes,NA,PASS,p.Lys422Arg,p.Lys422Arg,c.1265A>G,missense_variant,,1,31334,0.00003191421459117891,0,0,1,8684,0,0,0,848,0,0,0,290,0,0,0,1560,0,0,0,3466,0,0,0,15398,0,0,0,1088,0,0,0,0,0,0
KCNQ1,11,2609962,custom_213,A,C,gnomAD Exomes,PASS,NA,p.Lys424Thr,p.Lys424Thr,c.1271A>C,missense_variant,,1,250854,0.000003986382517320832,0,0,0,16186,0,0,1,34532,0,0,0,10048,0,0,0,18372,0,0,0,21582,0,0,0,113470,0,0,0,6120,0,0,0,30544,0,0
KCNQ1,11,2609964,custom_214,C,G,gnomAD Exomes,PASS,NA,p.Leu425Val,p.Leu425Val,c.1273C>G,missense_variant,,2,250852,0.000007972828600130754,0,0,2,16188,0,0,0,34536,0,0,0,10046,0,0,0,18374,0,0,0,21578,0,0,0,113464,0,0,0,6124,0,0,0,30542,0,0
KCNQ1,11,2609977,custom_215,A,G,gnomAD Genomes,NA,PASS,p.Asn429Ser,p.Asn429Ser,c.1286A>G,missense_variant,,2,31342,0.00006381213706847043,0,0,2,8694,0,0,0,848,0,0,0,288,0,0,0,1560,0,0,0,3468,0,0,0,15396,0,0,0,1088,0,0,0,0,0,0
KCNQ1,11,2609982,custom_216,G,T,gnomAD Exomes,PASS,NA,p.Val431Leu,p.Val431Leu,c.1291G>T,missense_variant,,2,250784,0.000007974990430011483,0,0,0,16194,0,0,0,34536,0,0,0,10048,0,0,0,18374,0,0,2,21516,0,0,0,113458,0,0,0,6128,0,0,0,30530,0,0
KCNQ1,11,2609985,custom_217,A,G,gnomAD Exomes,PASS,NA,p.Thr432Ala,p.Thr432Ala,c.1294A>G,missense_variant,,1,250832,0.000003986732155386872,0,0,0,16206,0,0,0,34538,0,0,0,10050,0,0,0,18372,0,0,0,21556,0,0,0,113440,0,0,0,6130,0,0,1,30540,0,0
KCNQ1,11,2609986,custom_218,C,T,gnomAD Exomes,PASS,NA,p.Thr432Ile,p.Thr432Ile,c.1295C>T,missense_variant,,3,250850,0.00001195933824995017,0,0,0,16204,0,0,0,34542,0,0,0,10050,0,0,0,18374,0,0,0,21552,0,0,1,113460,0,0,0,6130,0,0,2,30538,0,0
KCNQ1,11,2609988,custom_219,C,G,gnomAD Exomes,PASS,NA,p.Pro433Ala,p.Pro433Ala,c.1297C>G,missense_variant,,1,250830,0.000003986763943706893,0,0,0,16204,0,0,0,34542,0,0,0,10046,0,0,0,18376,0,0,0,21546,0,0,1,113446,0,0,0,6128,0,0,0,30542,0,0
KCNQ1,11,2609991,custom_220,G,A,gnomAD Exomes,PASS,NA,p.Gly434Arg,p.Gly434Arg,c.1300G>A,missense_variant,,2,250772,0.000007975372051106183,0,0,0,16198,0,0,0,34530,0,0,0,10054,0,0,1,18374,0,0,0,21528,0,0,1,113422,0,0,0,6128,0,0,0,30538,0,0
KCNQ1,11,2610012,custom_221,C,T,"gnomAD Exomes,gnomAD Genomes",PASS,PASS,p.Pro441Ser,p.Pro441Ser,c.1321C>T,missense_variant,,7,282048,0.000024818470614930793,0,0,1,24872,0,0,2,35384,0,0,0,10330,0,0,0,19934,0,0,0,24964,0,0,3,128814,0,0,1,7212,0,0,0,30538,0,0
KCNQ1,11,2610016,custom_222,A,G,gnomAD Exomes,PASS,NA,p.His442Arg,p.His442Arg,c.1325A>G,missense_variant,,1,250716,0.000003988576716284561,0,0,0,16166,0,0,0,34544,0,0,0,10044,0,0,0,18380,0,0,0,21542,0,0,0,113372,0,0,1,6126,0,0,0,30542,0,0
KCNQ1,11,2610022,custom_223,C,A,gnomAD Exomes,PASS,NA,p.Thr444Lys,p.Thr444Lys,c.1331C>A,missense_variant,,1,250548,0.000003991251177419097,0,0,0,16150,0,0,0,34538,0,0,0,10050,0,0,0,18380,0,0,0,21502,0,0,0,113308,0,0,0,6120,0,0,1,30500,0,0
KCNQ1,11,2610022,custom_224,C,T,"gnomAD Exomes,gnomAD Genomes",PASS,PASS,p.Thr444Met,p.Thr444Met,c.1331C>T,missense_variant,,4,281920,0.000014188422247446084,0,0,1,24860,0,0,0,35386,0,0,0,10340,0,0,2,19934,0,0,0,24974,0,0,1,128718,0,0,0,7208,0,0,0,30500,0,0
KCNQ1,11,2610027,custom_225,G,A,gnomAD Exomes,PASS,NA,p.Asp446Asn,p.Asp446Asn,c.1336G>A,missense_variant,,9,250462,0.00003593359471696305,0,0,0,16162,0,0,0,34528,0,0,0,10042,0,0,0,18380,0,0,0,21458,0,0,8,113266,0,0,0,6112,0,0,1,30514,0,0
KCNQ1,11,2610029,custom_226,C,A,gnomAD Exomes,PASS,NA,p.Asp446Glu,p.Asp446Glu,c.1338C>A,missense_variant,,1,250294,0.000003995301525406123,0,0,0,16152,0,0,0,34518,0,0,0,10040,0,0,0,18374,0,0,0,21398,0,0,1,113184,0,0,0,6122,0,0,0,30506,0,0
KCNQ1,11,2610029,custom_227,C,G,gnomAD Exomes,PASS,NA,p.Asp446Glu,p.Asp446Glu,c.1338C>G,missense_variant,,18,250294,0.00007191542745731021,1,0,0,16152,0,0,18,34518,1,0,0,10040,0,0,0,18374,0,0,0,21398,0,0,0,113184,0,0,0,6122,0,0,0,30506,0,0
KCNQ1,11,2610033,custom_228,C,T,gnomAD Exomes,PASS,NA,p.Pro448Ser,p.Pro448Ser,c.1342C>T,missense_variant,,1,250530,0.0000039915379395681155,0,0,0,16156,0,0,0,34540,0,0,0,10048,0,0,0,18380,0,0,0,21464,0,0,0,113278,0,0,0,6120,0,0,1,30544,0,0
KCNQ1,11,2610034,custom_229,C,A,gnomAD Exomes,PASS,NA,p.Pro448Gln,p.Pro448Gln,c.1343C>A,missense_variant,,18,250376,0.00007189187462057066,0,0,1,16158,0,0,1,34544,0,0,0,10044,0,0,0,18258,0,0,0,21458,0,0,1,113254,0,0,0,6118,0,0,15,30542,0,0
KCNQ1,11,2610034,custom_230,C,G,"gnomAD Exomes,gnomAD Genomes",PASS,PASS,p.Pro448Arg,p.Pro448Arg,c.1343C>G,missense_variant,,2041,281750,0.0072440106477373555,92,0,8,24860,0,0,4,35392,0,0,0,10334,0,0,1920,19818,91,0,9,24928,0,0,30,128672,0,0,21,7204,1,0,49,30542,0,0
KCNQ1,11,2610034,custom_231,C,T,"gnomAD Exomes,gnomAD Genomes",PASS,PASS,p.Pro448Leu,p.Pro448Leu,c.1343C>T,missense_variant,,7,281750,0.00002484472049689441,0,0,0,24860,0,0,0,35392,0,0,0,10334,0,0,0,19818,0,0,0,24928,0,0,5,128672,0,0,2,7204,0,0,0,30542,0,0
KCNQ1,11,2610036,custom_232,G,A,"gnomAD Exomes,gnomAD Genomes",PASS,PASS,p.Glu449Lys,p.Glu449Lys,c.1345G>A,missense_variant,,7,281818,0.00002483872570240368,0,0,7,24858,0,0,0,35384,0,0,0,10330,0,0,0,19936,0,0,0,24904,0,0,0,128654,0,0,0,7208,0,0,0,30544,0,0
KCNQ1,11,2610039,custom_233,G,A,gnomAD Exomes,PASS,NA,p.Glu450Lys,p.Glu450Lys,c.1348G>A,missense_variant,,2,250152,0.000007995138955515047,0,0,2,16110,0,0,0,34516,0,0,0,10042,0,0,0,18366,0,0,0,21454,0,0,0,112996,0,0,0,6106,0,0,0,30562,0,0
KCNQ1,11,2610043,custom_234,G,A,"gnomAD Exomes,gnomAD Genomes",PASS,PASS,p.Arg451Gln,p.Arg451Gln,c.1352G>A,missense_variant,,13,281216,0.00004622781065088757,0,0,12,24782,0,0,1,35344,0,0,0,10312,0,0,0,19928,0,0,0,24896,0,0,0,128214,0,0,0,7192,0,0,0,30548,0,0
KCNQ1,11,2610045,custom_235,C,T,"gnomAD Exomes,gnomAD Genomes",PASS,PASS,p.Arg452Trp,p.Arg452Trp,c.1354C>T,missense_variant,,25,281126,0.00008892809629845692,0,0,24,24776,0,0,0,35330,0,0,0,10310,0,0,0,19926,0,0,0,24892,0,0,1,128168,0,0,0,7184,0,0,0,30540,0,0
KCNQ1,11,2610046,custom_236,G,A,"gnomAD Exomes,gnomAD Genomes",PASS,PASS,p.Arg452Gln,p.Arg452Gln,c.1355G>A,missense_variant,,31,281090,0.00011028496211177915,0,0,4,24762,0,0,1,35336,0,0,0,10318,0,0,1,19922,0,0,0,24872,0,0,25,128144,0,0,0,7188,0,0,0,30548,0,0
KCNQ1,11,2610046,custom_237,G,T,gnomAD Exomes,PASS,NA,p.Arg452Leu,p.Arg452Leu,c.1355G>T,missense_variant,,2,249712,0.000008009226629076697,0,0,0,16062,0,0,0,34488,0,0,0,10028,0,0,0,18362,0,0,0,21400,0,0,1,112724,0,0,1,6100,0,0,0,30548,0,0
KCNQ1,11,2610055,custom_238,A,G,gnomAD Exomes,PASS,NA,p.His455Arg,p.His455Arg,c.1364A>G,missense_variant,,1,249422,0.000004009269430924297,0,0,0,16038,0,0,0,34492,0,0,0,10020,0,0,0,18360,0,0,0,21412,0,0,0,112454,0,0,0,6092,0,0,1,30554,0,0
KCNQ1,11,2610056,custom_239,C,G,gnomAD Exomes,PASS,NA,p.His455Gln,p.His455Gln,c.1365C>G,missense_variant,,1,249506,0.0000040079196492268725,0,0,0,16048,0,0,0,34492,0,0,0,10014,0,0,1,18360,0,0,0,21438,0,0,0,112498,0,0,0,6094,0,0,0,30562,0,0
KCNQ1,11,2610057,custom_240,T,C,gnomAD Exomes,PASS,NA,p.Phe456Leu,p.Phe456Leu,c.1366T>C,missense_variant,,1,249534,0.000004007469923938221,0,0,0,16064,0,0,1,34494,0,0,0,10016,0,0,0,18364,0,0,0,21434,0,0,0,112504,0,0,0,6090,0,0,0,30568,0,0
KCNQ1,11,2610066,custom_241,G,A,"gnomAD Exomes,gnomAD Genomes",PASS,PASS,p.Asp459Asn,p.Asp459Asn,c.1375G>A,missense_variant,,10,280428,0.00003565977719771207,0,0,1,24732,0,0,0,35340,0,0,6,10304,0,0,1,19916,0,0,0,24814,0,0,1,127594,0,0,1,7174,0,0,0,30554,0,0
KCNQ1,11,2610067,custom_242,A,T,gnomAD Exomes,PASS,NA,p.Asp459Val,p.Asp459Val,c.1376A>T,missense_variant,,1,249122,0.000004014097510456724,0,0,0,16050,0,0,0,34496,0,0,0,10012,0,0,0,18362,0,0,0,21364,0,0,1,112198,0,0,0,6084,0,0,0,30556,0,0
KCNQ1,11,2610069,custom_243,G,A,gnomAD Exomes,PASS,NA,p.Gly460Ser,p.Gly460Ser,c.1378G>A,missense_variant,,8,248964,0.00003213315981427034,0,0,1,16022,0,0,3,34486,0,0,0,10022,0,0,0,18356,0,0,0,21318,0,0,4,112132,0,0,0,6082,0,0,0,30546,0,0
KCNQ1,11,2610069,custom_244,G,T,gnomAD Exomes,PASS,NA,p.Gly460Cys,p.Gly460Cys,c.1378G>T,missense_variant,,1,248964,0.000004016644976783792,0,0,0,16022,0,0,0,34486,0,0,0,10022,0,0,0,18356,0,0,0,21318,0,0,0,112132,0,0,0,6082,0,0,1,30546,0,0
KCNQ1,11,2610070,custom_245,G,A,gnomAD Exomes,PASS,NA,p.Gly460Asp,p.Gly460Asp,c.1379G>A,missense_variant,,3,248988,0.000012048773434864332,0,0,1,16016,0,0,0,34486,0,0,0,10018,0,0,0,18358,0,0,0,21324,0,0,2,112158,0,0,0,6080,0,0,0,30548,0,0
KCNQ1,11,2610075,custom_246,G,A,gnomAD Exomes,PASS,NA,p.Asp462Asn,p.Asp462Asn,c.1384G>A,missense_variant,,1,248964,0.000004016644976783792,0,0,0,16048,0,0,1,34490,0,0,0,10022,0,0,0,18358,0,0,0,21318,0,0,0,112098,0,0,0,6080,0,0,0,30550,0,0
KCNQ1,11,2610079,custom_247,G,C,"gnomAD Exomes,gnomAD Genomes",PASS,PASS,p.Ser463Thr,p.Ser463Thr,c.1388G>C,missense_variant,,12,280132,0.00004283694829580341,0,0,12,24706,0,0,0,35340,0,0,0,10314,0,0,0,19920,0,0,0,24760,0,0,0,127364,0,0,0,7166,0,0,0,30562,0,0
KCNQ1,11,2610081,custom_248,T,C,gnomAD Exomes,PASS,NA,p.Ser464Pro,p.Ser464Pro,c.1390T>C,missense_variant,,1,248776,0.000004019680355018169,0,0,0,16028,0,0,0,34494,0,0,0,10016,0,0,0,18362,0,0,0,21316,0,0,0,111926,0,0,0,6076,0,0,1,30558,0,0
KCNQ1,11,2683197,custom_249,A,G,gnomAD Exomes,PASS,NA,p.Lys467Arg,p.Lys467Arg,c.1400A>G,missense_variant,,1,251420,0.000003977408320738207,0,0,0,16252,0,0,0,34592,0,0,0,10078,0,0,0,18394,0,0,0,21640,0,0,0,113710,0,0,0,6138,0,0,1,30616,0,0
KCNQ1,11,2683199,custom_250,A,G,gnomAD Exomes,PASS,NA,p.Ser468Gly,p.Ser468Gly,c.1402A>G,missense_variant,,2,251418,0.000007954879921087591,0,0,0,16252,0,0,0,34592,0,0,0,10078,0,0,0,18394,0,0,0,21640,0,0,0,113708,0,0,0,6138,0,0,2,30616,0,0
KCNQ1,11,2683200,custom_251,G,A,gnomAD Exomes,PASS,NA,p.Ser468Asn,p.Ser468Asn,c.1403G>A,missense_variant,,1,251414,0.000003977503241665142,0,0,0,16252,0,0,1,34592,0,0,0,10078,0,0,0,18394,0,0,0,21642,0,0,0,113702,0,0,0,6138,0,0,0,30616,0,0
KCNQ1,11,2683212,custom_252,T,C,gnomAD Exomes,PASS,NA,p.Leu472Pro,p.Leu472Pro,c.1415T>C,missense_variant,,2,251442,0.000007954120632193508,0,0,0,16252,0,0,0,34592,0,0,0,10080,0,0,2,18394,0,0,0,21642,0,0,0,113728,0,0,0,6138,0,0,0,30616,0,0
KCNQ1,11,2683214,custom_253,G,C,gnomAD Exomes,PASS,NA,p.Glu473Gln,p.Glu473Gln,c.1417G>C,missense_variant,,1,251438,0.000003977123585138285,0,0,0,16252,0,0,0,34592,0,0,0,10078,0,0,0,18394,0,0,0,21644,0,0,0,113724,0,0,0,6138,0,0,1,30616,0,0
KCNQ1,11,2683223,custom_254,A,G,gnomAD Exomes,PASS,NA,p.Met476Val,p.Met476Val,c.1426A>G,missense_variant,,1,251460,0.000003976775630318937,0,0,0,16254,0,0,0,34592,0,0,0,10078,0,0,0,18394,0,0,0,21648,0,0,1,113738,0,0,0,6140,0,0,0,30616,0,0
KCNQ1,11,2683226,custom_255,C,A,gnomAD Genomes,NA,PASS,p.Pro477Thr,p.Pro477Thr,c.1429C>A,missense_variant,,1,31396,0.00003185119123455217,0,0,0,8710,0,0,0,848,0,0,0,290,0,0,0,1560,0,0,0,3476,0,0,1,15424,0,0,0,1088,0,0,0,0,0,0
KCNQ1,11,2683229,custom_256,C,T,gnomAD Exomes,PASS,NA,p.His478Tyr,p.His478Tyr,c.1432C>T,missense_variant,,1,251430,0.000003977250129260629,0,0,0,16254,0,0,0,34592,0,0,0,10078,0,0,0,18394,0,0,0,21648,0,0,0,113708,0,0,1,6140,0,0,0,30616,0,0
KCNQ1,11,2683236,custom_257,T,C,gnomAD Exomes,PASS,NA,p.Met480Thr,p.Met480Thr,c.1439T>C,missense_variant,,1,251438,0.000003977123585138285,0,0,0,16254,0,0,0,34592,0,0,0,10078,0,0,1,18394,0,0,0,21646,0,0,0,113720,0,0,0,6138,0,0,0,30616,0,0
KCNQ1,11,2683241,custom_258,A,G,gnomAD Exomes,PASS,NA,p.Thr482Ala,p.Thr482Ala,c.1444A>G,missense_variant,,1,251440,0.000003977091950365892,0,0,0,16254,0,0,0,34592,0,0,0,10078,0,0,0,18394,0,0,0,21646,0,0,0,113722,0,0,0,6138,0,0,1,30616,0,0
KCNQ1,11,2683242,custom_259,C,G,gnomAD Exomes,PASS,NA,p.Thr482Ser,p.Thr482Ser,c.1445C>G,missense_variant,,1,251426,0.0000039773134043416354,0,0,0,16254,0,0,0,34592,0,0,0,10078,0,0,0,18394,0,0,0,21642,0,0,1,113712,0,0,0,6138,0,0,0,30616,0,0
KCNQ1,11,2683242,custom_260,C,A,gnomAD Exomes,PASS,NA,p.Thr482Asn,p.Thr482Asn,c.1445C>A,missense_variant,,3,251426,0.000011931940213024906,0,0,0,16254,0,0,0,34592,0,0,0,10078,0,0,0,18394,0,0,0,21642,0,0,0,113712,0,0,0,6138,0,0,3,30616,0,0
KCNQ1,11,2683251,custom_261,T,C,gnomAD Exomes,PASS,NA,p.Phe485Ser,p.Phe485Ser,c.1454T>C,missense_variant,,1,251424,0.000003977345042637139,0,0,0,16256,0,0,0,34592,0,0,0,10078,0,0,0,18394,0,0,0,21644,0,0,0,113706,0,0,0,6138,0,0,1,30616,0,0
KCNQ1,11,2683253,custom_262,G,A,gnomAD Exomes,PASS,NA,p.Ala486Thr,p.Ala486Thr,c.1456G>A,missense_variant,,9,251412,0.000035797813946828316,0,0,1,16256,0,0,0,34592,0,0,0,10078,0,0,1,18394,0,0,0,21642,0,0,1,113696,0,0,0,6138,0,0,6,30616,0,0
KCNQ1,11,2683256,custom_263,G,A,gnomAD Exomes,PASS,NA,p.Glu487Lys,p.Glu487Lys,c.1459G>A,missense_variant,,13,251410,0.00005170836482240165,1,0,1,16256,0,0,11,34592,1,0,0,10076,0,0,0,18394,0,0,0,21640,0,0,1,113696,0,0,0,6140,0,0,0,30616,0,0
KCNQ1,11,2683261,custom_264,C,A,gnomAD Exomes,PASS,NA,p.Asp488Glu,p.Asp488Glu,c.1464C>A,missense_variant,,2,251404,0.000007955322906556777,0,0,0,16256,0,0,0,34592,0,0,0,10078,0,0,0,18394,0,0,0,21646,0,0,2,113682,0,0,0,6140,0,0,0,30616,0,0
KCNQ1,11,2683275,custom_265,G,C,"gnomAD Exomes,gnomAD Genomes",PASS,PASS,p.Gly493Ala,p.Gly493Ala,c.1478G>C,missense_variant,,2,282828,0.000007071435642864214,0,0,2,24970,0,0,0,35440,0,0,0,10366,0,0,0,19952,0,0,0,25120,0,0,0,129140,0,0,0,7224,0,0,0,30616,0,0
KCNQ1,11,2683280,custom_266,A,G,gnomAD Exomes,PASS,NA,p.Thr495Ala,p.Thr495Ala,c.1483A>G,missense_variant,,1,251430,0.000003977250129260629,0,0,0,16256,0,0,0,34590,0,0,0,10076,0,0,0,18394,0,0,0,21644,0,0,0,113718,0,0,0,6136,0,0,1,30616,0,0
KCNQ1,11,2683281,custom_267,C,G,gnomAD Exomes,PASS,NA,p.Thr495Ser,p.Thr495Ser,c.1484C>G,missense_variant,,2,251412,0.000007955069765961848,0,0,0,16256,0,0,0,34590,0,0,0,10078,0,0,0,18394,0,0,0,21642,0,0,2,113700,0,0,0,6136,0,0,0,30616,0,0
KCNQ1,11,2683287,custom_268,T,C,gnomAD Exomes,PASS,NA,p.Leu497Pro,p.Leu497Pro,c.1490T>C,missense_variant,,1,251436,0.000003977155220413942,0,0,0,16256,0,0,0,34590,0,0,0,10078,0,0,0,18394,0,0,0,21644,0,0,1,113722,0,0,0,6136,0,0,0,30616,0,0
KCNQ1,11,2683292,custom_269,C,T,gnomAD Exomes,PASS,NA,p.Pro499Ser,p.Pro499Ser,c.1495C>T,missense_variant,,1,251394,0.000003977819677478381,0,0,0,16256,0,0,0,34592,0,0,0,10074,0,0,0,18394,0,0,0,21638,0,0,0,113690,0,0,0,6134,0,0,1,30616,0,0
KCNQ1,11,2683295,custom_270,A,G,gnomAD Exomes,PASS,NA,p.Ile500Val,p.Ile500Val,c.1498A>G,missense_variant,,1,251414,0.000003977503241665142,0,0,0,16254,0,0,0,34590,0,0,0,10074,0,0,0,18394,0,0,0,21638,0,0,0,113714,0,0,0,6134,0,0,1,30616,0,0
KCNQ1,11,2683295,custom_271,A,C,gnomAD Exomes,PASS,NA,p.Ile500Leu,p.Ile500Leu,c.1498A>C,missense_variant,,2,251414,0.000007955006483330284,0,0,0,16254,0,0,0,34590,0,0,0,10074,0,0,2,18394,0,0,0,21638,0,0,0,113714,0,0,0,6134,0,0,0,30616,0,0
KCNQ1,11,2683298,custom_272,A,G,gnomAD Exomes,PASS,NA,p.Thr501Ala,p.Thr501Ala,c.1501A>G,missense_variant,,2,251400,0.000007955449482895783,0,0,0,16254,0,0,0,34590,0,0,0,10074,0,0,0,18394,0,0,0,21634,0,0,1,113704,0,0,0,6134,0,0,1,30616,0,0
KCNQ1,11,2683311,custom_273,A,G,gnomAD Exomes,PASS,NA,p.Gln505Arg,p.Gln505Arg,c.1514A>G,missense_variant,,1,251408,0.000003977598167122764,0,0,0,16254,0,0,0,34588,0,0,0,10074,0,0,0,18394,0,0,0,21626,0,0,0,113724,0,0,1,6132,0,0,0,30616,0,0
KCNQ1,11,2790079,custom_274,G,A,gnomAD Exomes,PASS,NA,p.Arg507Gln,p.Arg507Gln,c.1520G>A,missense_variant,,12,251374,0.00004773763396373531,0,0,1,16242,0,0,7,34582,0,0,1,10076,0,0,0,18392,0,0,0,21642,0,0,2,113690,0,0,0,6134,0,0,1,30616,0,0
KCNQ1,11,2790082,custom_275,A,G,gnomAD Exomes,PASS,NA,p.Glu508Gly,p.Glu508Gly,c.1523A>G,missense_variant,,1,251388,0.000003977914618040638,0,0,0,16246,0,0,0,34580,0,0,0,10078,0,0,0,18392,0,0,0,21648,0,0,0,113694,0,0,0,6134,0,0,1,30616,0,0
KCNQ1,11,2790085,custom_276,A,G,gnomAD Exomes,PASS,NA,p.His509Arg,p.His509Arg,c.1526A>G,missense_variant,,1,251392,0.00000397785132382892,0,0,1,16244,0,0,0,34582,0,0,0,10078,0,0,0,18392,0,0,0,21648,0,0,0,113698,0,0,0,6134,0,0,0,30616,0,0
KCNQ1,11,2790086,custom_277,C,G,gnomAD Exomes,PASS,NA,p.His509Gln,p.His509Gln,c.1527C>G,missense_variant,,1,251390,0.000003977882970683003,0,0,0,16248,0,0,0,34582,0,0,0,10078,0,0,0,18392,0,0,0,21648,0,0,1,113694,0,0,0,6134,0,0,0,30614,0,0
KCNQ1,11,2790087,custom_278,C,T,gnomAD Exomes,PASS,NA,p.His510Tyr,p.His510Tyr,c.1528C>T,missense_variant,,1,251384,0.00000397797791426662,0,0,0,16248,0,0,1,34582,0,0,0,10078,0,0,0,18392,0,0,0,21648,0,0,0,113688,0,0,0,6134,0,0,0,30614,0,0
KCNQ1,11,2790088,custom_279,A,G,gnomAD Exomes,PASS,NA,p.His510Arg,p.His510Arg,c.1529A>G,missense_variant,,1,251394,0.000003977819677478381,0,0,0,16246,0,0,0,34582,0,0,0,10078,0,0,0,18392,0,0,0,21648,0,0,1,113698,0,0,0,6134,0,0,0,30616,0,0
KCNQ1,11,2790091,custom_280,G,A,gnomAD Exomes,PASS,NA,p.Arg511Gln,p.Arg511Gln,c.1532G>A,missense_variant,,2,251384,0.00000795595582853324,0,0,0,16246,0,0,1,34582,0,0,1,10078,0,0,0,18392,0,0,0,21648,0,0,0,113688,0,0,0,6134,0,0,0,30616,0,0
KCNQ1,11,2790096,custom_281,A,G,gnomAD Exomes,PASS,NA,p.Thr513Ala,p.Thr513Ala,c.1537A>G,missense_variant,,1,251410,0.000003977566524800128,0,0,1,16248,0,0,0,34584,0,0,0,10078,0,0,0,18392,0,0,0,21648,0,0,0,113712,0,0,0,6132,0,0,0,30616,0,0
KCNQ1,11,2790096,custom_282,A,T,gnomAD Exomes,PASS,NA,p.Thr513Ser,p.Thr513Ser,c.1537A>T,missense_variant,,1,251410,0.000003977566524800128,0,0,0,16248,0,0,1,34584,0,0,0,10078,0,0,0,18392,0,0,0,21648,0,0,0,113712,0,0,0,6132,0,0,0,30616,0,0
KCNQ1,11,2790112,custom_283,G,A,"gnomAD Exomes,gnomAD Genomes",PASS,PASS,p.Arg518Gln,p.Arg518Gln,c.1553G>A,missense_variant,,9,282772,0.0000318277622961255,0,0,1,24936,0,0,0,35434,0,0,0,10368,0,0,1,19948,0,0,0,25122,0,0,7,129128,0,0,0,7220,0,0,0,30616,0,0
KCNQ1,11,2790114,custom_284,C,T,gnomAD Exomes,PASS,NA,p.Arg519Cys,p.Arg519Cys,c.1555C>T,missense_variant,,11,251406,0.00004375392790943732,0,0,0,16250,0,0,1,34586,0,0,0,10078,0,0,1,18392,0,0,0,21648,0,0,8,113704,0,0,0,6132,0,0,1,30616,0,0
KCNQ1,11,2790115,custom_285,G,A,"gnomAD Exomes,gnomAD Genomes",PASS,PASS,p.Arg519His,p.Arg519His,c.1556G>A,missense_variant,,7,282764,0.000024755626600274433,0,0,0,24932,0,0,0,35432,0,0,0,10368,0,0,1,19952,0,0,0,25122,0,0,4,129122,0,0,0,7220,0,0,2,30616,0,0
KCNQ1,11,2790132,custom_286,G,A,gnomAD Exomes,PASS,NA,p.Ala525Thr,p.Ala525Thr,c.1573G>A,missense_variant,,1,251374,0.000003978136163644609,0,0,0,16244,0,0,0,34580,0,0,0,10076,0,0,0,18392,0,0,1,21646,0,0,0,113690,0,0,0,6132,0,0,0,30614,0,0
KCNQ1,11,2790135,custom_287,A,G,gnomAD Exomes,PASS,NA,p.Lys526Glu,p.Lys526Glu,c.1576A>G,missense_variant,,2,251388,0.000007955829236081276,0,0,0,16242,0,0,0,34582,0,0,0,10080,0,0,0,18392,0,0,0,21648,0,0,2,113694,0,0,0,6134,0,0,0,30616,0,0
KCNQ1,11,2790135,custom_288,A,C,gnomAD Exomes,PASS,NA,p.Lys526Gln,p.Lys526Gln,c.1576A>C,missense_variant,,4,251388,0.000015911658472162552,0,0,0,16242,0,0,0,34582,0,0,0,10080,0,0,0,18392,0,0,0,21648,0,0,0,113694,0,0,0,6134,0,0,4,30616,0,0
KCNQ1,11,2797197,custom_289,G,A,gnomAD Exomes,PASS,NA,p.Arg533Gln,p.Arg533Gln,c.1598G>A,missense_variant,,3,170478,0.00001759757857318833,0,0,0,10256,0,0,0,25382,0,0,0,8636,0,0,0,12808,0,0,0,15790,0,0,3,69604,0,0,0,4636,0,0,0,23366,0,0
KCNQ1,11,2797220,custom_290,G,A,gnomAD Exomes,PASS,NA,p.Val541Ile,p.Val541Ile,c.1621G>A,missense_variant,,5,184336,0.00002712438156410034,0,0,0,11480,0,0,2,26388,0,0,0,8794,0,0,0,13924,0,0,0,16420,0,0,3,78366,0,0,0,4900,0,0,0,24064,0,0
KCNQ1,11,2797229,custom_291,C,G,gnomAD Exomes,PASS,NA,p.Gln544Glu,p.Gln544Glu,c.1630C>G,missense_variant,,1,187390,0.000005336464058914563,0,0,0,11668,0,0,0,26668,0,0,0,8826,0,0,0,14226,0,0,0,16560,0,0,0,80228,0,0,0,4982,0,0,1,24232,0,0
KCNQ1,11,2797241,custom_292,G,A,gnomAD Exomes,PASS,NA,p.Gly548Ser,p.Gly548Ser,c.1642G>A,missense_variant,,1,188482,0.000005305546418225613,0,0,0,11678,0,0,0,26784,0,0,0,8836,0,0,0,14280,0,0,0,16616,0,0,1,80950,0,0,0,5006,0,0,0,24332,0,0
KCNQ1,11,2797253,custom_293,C,T,gnomAD Exomes,PASS,NA,p.Leu552Phe,p.Leu552Phe,c.1654C>T,missense_variant,,1,186334,0.000005366707095860122,0,0,0,11534,0,0,0,26606,0,0,0,8842,0,0,0,14070,0,0,1,16496,0,0,0,79590,0,0,0,4952,0,0,0,24244,0,0
KCNQ1,11,2797262,custom_294,C,T,gnomAD Exomes,PASS,NA,p.Arg555Cys,p.Arg555Cys,c.1663C>T,missense_variant,,2,179696,0.000011129908289555694,0,0,0,11068,0,0,0,26118,0,0,0,8746,0,0,0,13598,0,0,1,16062,0,0,1,75378,0,0,0,4820,0,0,0,23906,0,0
KCNQ1,11,2797262,custom_295,C,A,gnomAD Exomes,PASS,NA,p.Arg555Ser,p.Arg555Ser,c.1663C>A,missense_variant,,2,179696,0.000011129908289555694,0,0,0,11068,0,0,0,26118,0,0,0,8746,0,0,0,13598,0,0,0,16062,0,0,0,75378,0,0,0,4820,0,0,2,23906,0,0
KCNQ1,11,2797263,custom_296,G,A,gnomAD Exomes,PASS,NA,p.Arg555His,p.Arg555His,c.1664G>A,missense_variant,,4,176120,0.00002271178741766977,0,0,1,10746,0,0,0,25802,0,0,0,8714,0,0,0,13372,0,0,0,15882,0,0,3,73128,0,0,0,4754,0,0,0,23722,0,0
KCNQ1,11,2797263,custom_297,G,T,gnomAD Exomes,PASS,NA,p.Arg555Leu,p.Arg555Leu,c.1664G>T,missense_variant,,1,176120,0.000005677946854417443,0,0,0,10746,0,0,0,25802,0,0,0,8714,0,0,0,13372,0,0,0,15882,0,0,1,73128,0,0,0,4754,0,0,0,23722,0,0
KCNQ1,11,2798220,custom_298,G,A,gnomAD Exomes,PASS,NA,p.Asp564Asn,p.Asp564Asn,c.1690G>A,missense_variant,,2,251096,0.00000796508108452544,0,0,0,16212,0,0,0,34566,0,0,0,10062,0,0,0,18388,0,0,0,21628,0,0,0,113508,0,0,0,6128,0,0,2,30604,0,0
KCNQ1,11,2798241,custom_299,T,C,gnomAD Exomes,PASS,NA,p.Ser571Pro,p.Ser571Pro,c.1711T>C,missense_variant,,1,251112,0.000003982286788365351,0,0,0,16214,0,0,0,34570,0,0,0,10066,0,0,0,18392,0,0,0,21638,0,0,1,113496,0,0,0,6130,0,0,0,30606,0,0
KCNQ1,11,2798249,custom_300,C,A,gnomAD Exomes,PASS,NA,p.Phe573Leu,p.Phe573Leu,c.1719C>A,missense_variant,,1,251078,0.000003982826054054915,0,0,0,16214,0,0,0,34570,0,0,0,10060,0,0,0,18390,0,0,1,21632,0,0,0,113480,0,0,0,6128,0,0,0,30604,0,0
KCNQ1,11,2798250,custom_301,A,G,gnomAD Exomes,PASS,NA,p.Ile574Val,p.Ile574Val,c.1720A>G,missense_variant,,1,251082,0.000003982762603452259,0,0,1,16216,0,0,0,34572,0,0,0,10056,0,0,0,18392,0,0,0,21632,0,0,0,113484,0,0,0,6128,0,0,0,30602,0,0
KCNQ1,11,2798256,custom_302,G,A,gnomAD Exomes,PASS,NA,p.Val576Ile,p.Val576Ile,c.1726G>A,missense_variant,,16,250990,0.00006374755966373162,0,0,1,16204,0,0,1,34560,0,0,0,10056,0,0,0,18390,0,0,0,21630,0,0,10,113436,0,0,0,6128,0,0,4,30586,0,0
KCNQ1,11,2799211,custom_303,A,G,gnomAD Exomes,PASS,NA,p.Ser580Gly,p.Ser580Gly,c.1738A>G,missense_variant,,1,251070,0.000003982952961325526,0,0,0,16214,0,0,0,34572,0,0,0,10070,0,0,0,18394,0,0,0,21482,0,0,1,113594,0,0,0,6128,0,0,0,30616,0,0
KCNQ1,11,2799212,custom_304,G,A,gnomAD Exomes,PASS,NA,p.Ser580Asn,p.Ser580Asn,c.1739G>A,missense_variant,,1,251034,0.000003983524144139838,0,0,0,16212,0,0,0,34572,0,0,0,10070,0,0,0,18394,0,0,0,21446,0,0,1,113594,0,0,0,6130,0,0,0,30616,0,0
KCNQ1,11,2799220,custom_305,C,T,gnomAD Exomes,PASS,NA,p.Arg583Cys,p.Arg583Cys,c.1747C>T,missense_variant,,4,251016,0.000015935239187940212,0,0,0,16212,0,0,0,34568,0,0,0,10070,0,0,0,18392,0,0,0,21440,0,0,3,113590,0,0,0,6128,0,0,1,30616,0,0
KCNQ1,11,2799221,custom_306,G,A,"gnomAD Exomes,gnomAD Genomes",PASS,PASS,p.Arg583His,p.Arg583His,c.1748G>A,missense_variant,,5,282380,0.000017706636447340464,0,0,0,24910,0,0,1,35416,0,0,0,10360,0,0,0,19950,0,0,0,24912,0,0,4,129000,0,0,0,7216,0,0,0,30616,0,0
KCNQ1,11,2799223,custom_307,G,A,gnomAD Exomes,PASS,NA,p.Gly584Ser,p.Gly584Ser,c.1750G>A,missense_variant,,11,251046,0.00004381667104833377,0,0,0,16212,0,0,7,34566,0,0,0,10070,0,0,0,18394,0,0,0,21462,0,0,4,113600,0,0,0,6126,0,0,0,30616,0,0
KCNQ1,11,2799227,custom_308,G,A,gnomAD Exomes,PASS,NA,p.Ser585Asn,p.Ser585Asn,c.1754G>A,missense_variant,,1,251012,0.000003983873280958679,0,0,0,16210,0,0,0,34568,0,0,0,10070,0,0,0,18394,0,0,0,21442,0,0,1,113586,0,0,0,6126,0,0,0,30616,0,0
KCNQ1,11,2799238,custom_309,G,A,gnomAD Exomes,PASS,NA,p.Gly589Ser,p.Gly589Ser,c.1765G>A,missense_variant,,2,250974,0.00000796895295927068,0,0,0,16204,0,0,0,34566,0,0,0,10070,0,0,0,18394,0,0,0,21412,0,0,0,113580,0,0,0,6132,0,0,2,30616,0,0
KCNQ1,11,2799239,custom_310,G,A,"gnomAD Exomes,gnomAD Genomes",PASS,PASS,p.Gly589Asp,p.Gly589Asp,c.1766G>A,missense_variant,,14,282342,0.00004958525476195536,0,0,0,24910,0,0,0,35414,0,0,0,10360,0,0,0,19952,0,0,14,24888,0,0,0,128984,0,0,0,7218,0,0,0,30616,0,0
KCNQ1,11,2799241,custom_311,G,A,"gnomAD Exomes,gnomAD Genomes",PASS,PASS,p.Ala590Thr,p.Ala590Thr,c.1768G>A,missense_variant,,3,282306,0.000010626766699963868,0,0,0,24904,0,0,0,35414,0,0,0,10362,0,0,0,19950,0,0,1,24878,0,0,2,128968,0,0,0,7214,0,0,0,30616,0,0
KCNQ1,11,2799244,custom_312,C,T,gnomAD Exomes,PASS,NA,p.Arg591Cys,p.Arg591Cys,c.1771C>T,missense_variant,,1,251012,0.000003983873280958679,0,0,0,16210,0,0,0,34570,0,0,0,10072,0,0,1,18392,0,0,0,21436,0,0,0,113586,0,0,0,6130,0,0,0,30616,0,0
KCNQ1,11,2799251,custom_313,A,G,gnomAD Exomes,PASS,NA,p.Asn593Ser,p.Asn593Ser,c.1778A>G,missense_variant,,1,251008,0.000003983936766955635,0,0,0,16202,0,0,0,34568,0,0,0,10074,0,0,0,18390,0,0,0,21436,0,0,1,113586,0,0,0,6136,0,0,0,30616,0,0
KCNQ1,11,2799254,custom_314,G,A,"gnomAD Exomes,gnomAD Genomes",PASS,PASS,p.Arg594Gln,p.Arg594Gln,c.1781G>A,missense_variant,,7,282350,0.00002479192491588454,0,0,0,24908,0,0,0,35416,0,0,0,10364,0,0,1,19950,0,0,0,24888,0,0,6,128990,0,0,0,7218,0,0,0,30616,0,0
KCNQ1,11,2799256,custom_315,G,T,gnomAD Exomes,PASS,NA,p.Val595Leu,p.Val595Leu,c.1783G>T,missense_variant,,1,250986,0.000003984285976110221,0,0,1,16210,0,0,0,34570,0,0,0,10070,0,0,0,18392,0,0,0,21426,0,0,0,113572,0,0,0,6130,0,0,0,30616,0,0
KCNQ1,11,2869001,custom_316,C,T,"gnomAD Exomes,gnomAD Genomes",PASS,PASS,p.Thr600Met,p.Thr600Met,c.1799C>T,missense_variant,,47,215852,0.000217741786038582,0,0,43,19760,0,0,1,28990,0,0,0,9206,0,0,0,15650,0,0,0,20178,0,0,3,91328,0,0,0,6068,0,0,0,24672,0,0
KCNQ1,11,2869021,custom_317,G,A,gnomAD Exomes,PASS,NA,p.Ala607Thr,p.Ala607Thr,c.1819G>A,missense_variant,,1,183344,0.000005454228117636792,0,0,0,11050,0,0,0,28086,0,0,0,8874,0,0,0,13938,0,0,0,16598,0,0,1,75262,0,0,0,4946,0,0,0,24590,0,0
KCNQ1,11,2869033,custom_318,G,A,"gnomAD Exomes,gnomAD Genomes",PASS,PASS,p.Asp611Asn,p.Asp611Asn,c.1831G>A,missense_variant,,17,212554,0.00007997967575298512,0,0,2,19598,0,0,3,28660,0,0,0,9150,0,0,1,15360,0,0,0,20072,0,0,9,89318,0,0,0,5996,0,0,2,24400,0,0
KCNQ1,11,2869033,custom_319,G,T,gnomAD Exomes,PASS,NA,p.Asp611Tyr,p.Asp611Tyr,c.1831G>T,missense_variant,,1,181208,0.000005518520153635601,0,0,0,10908,0,0,0,27812,0,0,0,8860,0,0,1,13800,0,0,0,16600,0,0,0,73920,0,0,0,4908,0,0,0,24400,0,0
KCNQ1,11,2869063,custom_320,G,A,"gnomAD Exomes,gnomAD Genomes",PASS,PASS,p.Gly621Ser,p.Gly621Ser,c.1861G>A,missense_variant,,16,208352,0.00007679311933650745,1,0,7,19088,0,0,5,28492,1,0,0,9016,0,0,2,14978,0,0,0,19868,0,0,1,86868,0,0,1,5878,0,0,0,24164,0,0
KCNQ1,11,2869063,custom_321,G,T,gnomAD Exomes,PASS,NA,p.Gly621Cys,p.Gly621Cys,c.1861G>T,missense_variant,,3,177000,0.00001694915254237288,0,0,0,10394,0,0,2,27644,0,0,0,8726,0,0,1,13418,0,0,0,16394,0,0,0,71468,0,0,0,4792,0,0,0,24164,0,0
KCNQ1,11,2869066,custom_322,G,A,"gnomAD Exomes,gnomAD Genomes",PASS,PASS,p.Gly622Ser,p.Gly622Ser,c.1864G>A,missense_variant,,3,208878,0.000014362450808605981,0,0,0,19090,0,0,0,28524,0,0,0,9012,0,0,0,15076,0,0,0,19892,0,0,3,87142,0,0,0,5894,0,0,0,24248,0,0
KCNQ1,11,2869076,custom_323,C,G,gnomAD Exomes,PASS,NA,p.Pro625Arg,p.Pro625Arg,c.1874C>G,missense_variant,,1,179864,0.000005559756260285549,0,0,0,10260,0,0,0,28102,0,0,0,8728,0,0,0,13736,0,0,0,16474,0,0,1,73290,0,0,0,4816,0,0,0,24458,0,0
KCNQ1,11,2869078,custom_324,G,A,gnomAD Exomes,PASS,NA,p.Gly626Ser,p.Gly626Ser,c.1876G>A,missense_variant,,2,179998,0.000011111234569272993,0,0,0,10244,0,0,0,28132,0,0,0,8726,0,0,0,13792,0,0,0,16454,0,0,1,73372,0,0,0,4810,0,0,1,24468,0,0
KCNQ1,11,2869084,custom_325,G,A,"gnomAD Exomes,gnomAD Genomes",PASS,PASS,p.Gly628Ser,p.Gly628Ser,c.1882G>A,missense_variant,,7,215058,0.00003254935877763208,0,0,2,19142,0,0,1,29492,0,0,0,9090,0,0,0,15596,0,0,0,20110,0,0,2,90890,0,0,0,5968,0,0,2,24770,0,0
KCNQ1,11,2869085,custom_326,G,A,gnomAD Exomes,PASS,NA,p.Gly628Asp,p.Gly628Asp,c.1883G>A,missense_variant,,1,183968,0.000005435727952687424,0,0,0,10404,0,0,0,28718,0,0,0,8796,0,0,0,14064,0,0,0,16644,0,0,1,75666,0,0,0,4880,0,0,0,24796,0,0
KCNQ1,11,2869087,custom_327,G,A,"gnomAD Exomes,gnomAD Genomes",PASS,PASS,p.Gly629Ser,p.Gly629Ser,c.1885G>A,missense_variant,,11,215064,0.000051147565375888105,0,0,3,18928,0,0,0,29584,0,0,0,9096,0,0,0,15458,0,0,0,20080,0,0,5,91176,0,0,0,5952,0,0,3,24790,0,0
KCNQ1,11,2869090,custom_328,C,A,gnomAD Exomes,PASS,NA,p.Pro630Thr,p.Pro630Thr,c.1888C>A,missense_variant,,1,186924,0.000005349767820076609,0,0,0,10544,0,0,0,29086,0,0,0,8860,0,0,0,14156,0,0,0,16652,0,0,0,77614,0,0,0,4910,0,0,1,25102,0,0
KCNQ1,11,2869094,custom_329,C,G,gnomAD Exomes,PASS,NA,p.Pro631Arg,p.Pro631Arg,c.1892C>G,missense_variant,,3,188540,0.000015911742866235283,0,0,0,10568,0,0,0,29236,0,0,0,8838,0,0,1,14244,0,0,0,16880,0,0,1,78706,0,0,1,4912,0,0,0,25156,0,0
KCNQ1,11,2869105,custom_330,G,A,"gnomAD Exomes,gnomAD Genomes",PASS,PASS,p.Gly635Arg,p.Gly635Arg,c.1903G>A,missense_variant,,4,222516,0.00001797623541677902,0,0,1,19504,0,0,0,30406,0,0,0,9194,0,0,0,15930,0,0,0,20286,0,0,2,95740,0,0,0,6052,0,0,1,25404,0,0
KCNQ1,11,2869121,custom_331,A,T,gnomAD Genomes,NA,PASS,p.Gln640Leu,p.Gln640Leu,c.1919A>T,missense_variant,,1,31316,0.00003193255843658194,0,0,0,8682,0,0,0,848,0,0,0,290,0,0,1,1558,0,0,0,3470,0,0,0,15382,0,0,0,1086,0,0,0,0,0,0
KCNQ1,11,2869124,custom_332,C,T,gnomAD Exomes,PASS,NA,p.Pro641Leu,p.Pro641Leu,c.1922C>T,missense_variant,,1,200114,0.0000049971516235745625,0,0,0,11542,0,0,0,30510,0,0,0,8996,0,0,0,15218,0,0,0,17280,0,0,0,85432,0,0,0,5104,0,0,1,26032,0,0
KCNQ1,11,2869129,custom_333,G,A,"gnomAD Exomes,gnomAD Genomes",PASS,PASS,p.Gly643Ser,p.Gly643Ser,c.1927G>A,missense_variant,,1433,225692,0.006349361076156887,17,0,425,19784,4,0,41,30748,0,0,0,9202,0,0,755,16278,12,0,0,20352,0,0,20,97616,0,0,12,6096,0,0,180,25616,1,0
KCNQ1,11,2869138,custom_334,G,A,"gnomAD Exomes,gnomAD Genomes",PASS,PASS,p.Gly646Ser,p.Gly646Ser,c.1936G>A,missense_variant,,7,219524,0.000031887174067527924,0,0,0,19454,0,0,0,30022,0,0,0,9090,0,0,0,15798,0,0,0,19968,0,0,3,93982,0,0,1,5976,0,0,3,25234,0,0
KCNQ1,11,2869144,custom_335,G,A,"gnomAD Exomes,gnomAD Genomes",PASS,PASS,p.Val648Ile,p.Val648Ile,c.1942G>A,missense_variant,,484,216420,0.002236392200351169,5,0,453,19222,5,0,21,29796,0,0,0,9060,0,0,0,15566,0,0,0,19690,0,0,6,92106,0,0,2,5920,0,0,2,25060,0,0
KCNQ1,11,2869147,custom_336,G,A,"gnomAD Exomes,gnomAD Genomes",PASS,PASS,p.Asp649Asn,p.Asp649Asn,c.1945G>A,missense_variant,,5,218166,0.000022918328245464463,0,0,1,19418,0,0,0,29938,0,0,0,9106,0,0,0,15712,0,0,4,19794,0,0,0,93140,0,0,0,5940,0,0,0,25118,0,0
KCNQ1,11,2869148,custom_337,A,G,gnomAD Exomes,PASS,NA,p.Asp649Gly,p.Asp649Gly,c.1946A>G,missense_variant,,2,187102,0.000010689356607625787,0,0,0,10746,0,0,0,29104,0,0,0,8832,0,0,2,14160,0,0,0,16336,0,0,0,77918,0,0,0,4854,0,0,0,25152,0,0
KCNQ1,11,2869160,custom_338,T,A,gnomAD Exomes,PASS,NA,p.Phe653Tyr,p.Phe653Tyr,c.1958T>A,missense_variant,,2,190204,0.00001051502597211415,0,0,0,11036,0,0,0,29332,0,0,0,8802,0,0,0,14548,0,0,0,16480,0,0,1,79892,0,0,0,4926,0,0,1,25188,0,0
KCNQ1,11,2869172,custom_339,A,G,gnomAD Exomes,PASS,NA,p.Asn657Ser,p.Asn657Ser,c.1970A>G,missense_variant,,20,188924,0.00010586267493807034,1,0,0,11010,0,0,0,28976,0,0,0,8738,0,0,0,14536,0,0,0,16500,0,0,0,79354,0,0,0,4892,0,0,20,24918,1,0
KCNQ1,11,2869175,custom_340,C,A,gnomAD Exomes,PASS,NA,p.Thr658Asn,p.Thr658Asn,c.1973C>A,missense_variant,,1,187070,0.000005345592558935158,0,0,0,10932,0,0,0,28696,0,0,0,8678,0,0,0,14438,0,0,0,16456,0,0,1,78266,0,0,0,4876,0,0,0,24728,0,0
KCNQ1,11,2869189,custom_341,G,A,gnomAD Exomes,PASS,NA,p.Glu663Lys,p.Glu663Lys,c.1987G>A,missense_variant,,2,178280,0.00001121830827911151,0,0,0,10320,0,0,1,27620,0,0,0,8358,0,0,0,13832,0,0,0,15968,0,0,0,73538,0,0,0,4724,0,0,1,23920,0,0
KCNQ1,11,2869208,custom_342,G,C,gnomAD Exomes,PASS,NA,p.Arg669Thr,p.Arg669Thr,c.2006G>C,missense_variant,,1,165552,0.000006040398183048226,0,0,0,9352,0,0,0,26070,0,0,0,7792,0,0,0,13150,0,0,0,15152,0,0,0,66936,0,0,0,4444,0,0,1,22656,0,0
KCNQ1,11,2869209,custom_343,G,C,gnomAD Exomes,PASS,NA,p.Arg669Ser,p.Arg669Ser,c.2007G>C,missense_variant,,1,161600,0.0000061881188118811885,0,0,0,9090,0,0,0,25694,0,0,0,7646,0,0,0,12952,0,0,0,14866,0,0,1,64738,0,0,0,4358,0,0,0,22256,0,0
KCNQ1,11,2869211,custom_344,G,A,gnomAD Exomes,PASS,NA,p.Arg670Lys,p.Arg670Lys,c.2009G>A,missense_variant,,4,162258,0.000024652097277175854,0,0,0,9178,0,0,0,25724,0,0,0,7672,0,0,0,12974,0,0,0,14900,0,0,1,65100,0,0,0,4378,0,0,3,22332,0,0
KCNQ1,11,2869213,custom_345,G,A,gnomAD Exomes,PASS,NA,p.Gly671Ser,p.Gly671Ser,c.2011G>A,missense_variant,,1,159214,0.0000062808546987074005,0,0,0,8980,0,0,0,25380,0,0,0,7512,0,0,0,12786,0,0,0,14616,0,0,0,63526,0,0,0,4326,0,0,1,22088,0,0
KCNQ1,11,2869219,custom_346,G,A,"gnomAD Exomes,gnomAD Genomes",PASS,PASS,p.Asp673Asn,p.Asp673Asn,c.2017G>A,missense_variant,,10,186262,0.000053687816087017214,0,0,0,17286,0,0,0,25834,0,0,0,7640,0,0,0,14114,0,0,5,17772,0,0,4,76674,0,0,0,5354,0,0,1,21588,0,0
KCNQ1,11,2869222,custom_347,G,A,gnomAD Exomes,PASS,NA,p.Glu674Lys,p.Glu674Lys,c.2020G>A,missense_variant,,1,147396,0.000006784444625362967,0,0,0,8172,0,0,0,23846,0,0,0,7002,0,0,0,12108,0,0,0,13818,0,0,1,57594,0,0,0,4056,0,0,0,20800,0,0
