mut_chromosome,mut_chr_start_source,mut_id,mut_coding
21,35821910,157,c.23C>T
21,35821904,158,c.29C>T
21,35821850,160,c.83C>T
21,35821838,161,c.95G>A
21,35821770,172,c.163G>A
21,35821761,173,c.172A>C
21,35821757,174,c.176T>C
21,35821734,175,c.199C>T
21,35821733,176,c.200G>A
21,35821724,179,c.209A>T
21,35821707,183,c.226G>A
21,35821686,187,c.247G>A
21,35821559,192,c.374C>T
21,35742817,198,c.40G>A
21,35742836,199,c.59T>A
21,35742857,201,c.80G>A
21,35742938,202,c.161T>C
21,35742947,204,c.170T>C
21,35742970,206,c.193G>C
21,35743007,209,c.230G>A
21,35743058,212,c.281A>G
7,150674955,214,c.47A>C
7,150674944,215,c.58C>G
7,150672019,220,c.87C>A
7,150672017,222,c.89T>C
7,150672012,225,c.94G>A
7,150671985,228,c.121G>T
7,150671973,235,c.133A>T
7,150671948,239,c.158G>A
7,150671946,242,c.160T>C
7,150671937,245,c.169G>C
7,150671914,251,c.192C>G
7,150671898,257,c.208C>A
7,150671897,258,c.209A>G
7,150671891,260,c.215C>T
7,150671891,261,c.215C>A
7,150671885,263,c.221C>T
7,150671886,264,c.220A>C
7,150671885,265,c.221C>G
7,150671852,270,c.254C>T
7,150671849,271,c.257T>C
7,150671825,274,c.281T>G
7,150671807,279,c.299G>A
7,150671808,280,c.298C>T
7,150671801,282,c.305A>C
7,150656815,285,c.317T>A
7,150656810,286,c.322T>C
7,150656792,289,c.340C>T
7,150656758,293,c.374T>G
7,150656710,296,c.422C>T
7,150656686,298,c.446G>C
7,150655572,299,c.491G>A
7,150655411,306,c.652A>G
7,150655339,310,c.724C>G
7,150655288,316,c.775G>A
7,150655233,320,c.830C>A
7,150655191,323,c.872T>C
7,150655161,325,c.902G>T
7,150654573,328,c.934C>T
7,150654567,329,c.940G>A
7,150654540,331,c.967G>A
7,150654525,332,c.982C>T
7,150649865,339,c.1205A>G
7,150649808,343,c.1262C>T
7,150649790,346,c.1280A>G
7,150649777,351,c.1293C>A
7,150649751,353,c.1319C>T
7,150649718,355,c.1352C>T
7,150649674,359,c.1396G>T
7,150649652,361,c.1418C>A
7,150649646,364,c.1424A>G
7,150649644,365,c.1426G>A
7,150649602,368,c.1468G>A
7,150649592,370,c.1478A>G
7,150649592,372,c.1478A>C
7,150649569,375,c.1501G>A
7,150648890,381,c.1591C>T
7,150648881,382,c.1600C>T
7,150648880,383,c.1601G>T
7,150648826,385,c.1655T>C
7,150648808,386,c.1673C>A
7,150648800,390,c.1681G>A
7,150648799,391,c.1682C>T
7,150648796,393,c.1685A>G
7,150648788,397,c.1693G>A
7,150648766,407,c.1715G>A
7,150648767,409,c.1714G>A
7,150648766,410,c.1715G>T
7,150648737,414,c.1744C>T
7,150648731,418,c.1750G>C
7,150648731,419,c.1750G>A
7,150648726,421,c.1755G>T
7,150648703,426,c.1778T>A
7,150648700,430,c.1781G>A
7,150648694,433,c.1787C>A
7,150648691,436,c.1790A>G
7,150648684,437,c.1797C>A
7,150648680,438,c.1801G>T
7,150648680,439,c.1801G>A
7,150648671,441,c.1810G>A
7,150648667,442,c.1814C>T
7,150648668,443,c.1813C>T
7,150648655,445,c.1826A>G
7,150648643,452,c.1838C>T
7,150648640,453,c.1841C>T
7,150648634,456,c.1847A>G
7,150648604,465,c.1877G>A
7,150648599,471,c.1882G>A
7,150648595,474,c.1886A>T
7,150648595,476,c.1886A>G
7,150648580,485,c.1901C>T
7,150648578,486,c.1903A>G
7,150648576,488,c.1905C>G
7,150648570,489,c.1911G>C
7,150648567,493,c.1914G>T
7,150648551,497,c.1930G>T
7,150648551,498,c.1930G>C
7,150648546,499,c.1935G>A
7,150648539,502,c.1942G>A
7,150648185,507,c.1969G>C
7,150648185,508,c.1969G>A
7,150648175,509,c.1979C>T
7,150648169,510,c.1985T>C
7,150648121,511,c.2033T>C
7,150648095,513,c.2059C>T
7,150648076,514,c.2078T>C
7,150648023,519,c.2131A>G
7,150647472,522,c.2182A>T
7,150647408,524,c.2246G>T
7,150647383,529,c.2271G>C
7,150647355,530,c.2299G>T
7,150647345,531,c.2309T>C
7,150647334,532,c.2320G>T
7,150647292,537,c.2362G>A
7,150647283,538,c.2371C>T
7,150646119,543,c.2417G>A
7,150646072,547,c.2464G>A
7,150646069,548,c.2467C>T
7,150646027,553,c.2509G>T
7,150646000,554,c.2536C>T
7,150645571,564,c.2653C>T
7,150645544,566,c.2680C>T
7,150645543,567,c.2681G>T
7,150644952,570,c.2707G>A
7,150644942,571,c.2717C>T
7,150644921,573,c.2738C>T
7,150644900,576,c.2759G>A
7,150644901,577,c.2758C>T
7,150644894,578,c.2765G>A
7,150644888,580,c.2771G>C
7,150644888,581,c.2771G>A
7,150644849,583,c.2810G>A
7,150644554,599,c.3014G>A
7,150644548,600,c.3020G>A
7,150644471,611,c.3097C>T
7,150644456,615,c.3112G>A
7,150644422,619,c.3146T>C
7,150644099,622,c.3196C>G
7,150644062,625,c.3233A>G
7,150644017,626,c.3278C>T
7,150642590,629,c.3343A>G
11,2466333,689,c.5C>T
11,2466347,690,c.19C>T
11,2466464,692,c.136G>A
11,2466525,696,c.197C>T
11,2466545,697,c.217C>A
11,2466660,700,c.332A>G
11,2466678,703,c.350C>T
11,2466709,706,c.381C>A
11,2549168,709,c.397G>A
11,2549172,710,c.401T>C
11,2549201,715,c.430A>G
11,2549229,719,c.458C>T
11,2591859,722,c.479A>T
11,2591864,723,c.484G>A
11,2591894,726,c.514G>A
11,2591900,728,c.520C>T
11,2591901,729,c.521G>A
11,2591912,732,c.532G>A
11,2591915,734,c.535G>A
11,2591930,737,c.550T>C
11,2591936,739,c.556G>C
11,2591949,744,c.569G>T
11,2591949,745,c.569G>A
11,2591963,753,c.583C>T
11,2591972,754,c.592A>G
11,2591975,755,c.595T>G
11,2591984,757,c.604G>A
11,2592562,759,c.612C>G
11,2592593,764,c.643G>A
11,2592621,766,c.671C>T
11,2592624,767,c.674C>T
11,2593250,770,c.691C>T
11,2593251,771,c.692G>A
11,2593263,772,c.704T>A
11,2593281,774,c.722T>G
11,2593283,775,c.724G>A
11,2593286,777,c.727C>T
11,2593308,785,c.749T>C
11,2593319,788,c.760G>A
11,2593334,792,c.775C>T
11,2593335,794,c.776G>T
11,2594076,797,c.781G>C
11,2594079,798,c.784C>G
11,2594092,800,c.797T>C
11,2594098,801,c.803T>G
11,2594101,802,c.806G>A
11,2594100,803,c.805G>A
11,2594110,804,c.815G>A
11,2594112,806,c.817C>T
11,2594115,808,c.820A>G
11,2594125,810,c.830C>T
11,2594124,811,c.829T>C
11,2594134,814,c.839T>A
11,2594137,815,c.842A>G
11,2594140,816,c.845T>C
11,2594143,817,c.848C>G
11,2594170,821,c.875G>A
11,2594172,822,c.877C>T
11,2594200,827,c.905C>A
11,2594200,829,c.905C>T
11,2594203,830,c.908T>C
11,2594208,832,c.913T>C
11,2594209,833,c.914G>C
11,2604678,845,c.935C>T
11,2604683,849,c.940G>T
11,2604683,852,c.940G>A
11,2604687,853,c.944A>G
11,2604690,858,c.947G>T
11,2604701,865,c.958C>T
11,2604707,866,c.964A>G
11,2604708,868,c.965C>T
11,2604716,869,c.973G>A
11,2604759,873,c.1016T>A
11,2604765,874,c.1022C>A
11,2604765,875,c.1022C>G
11,2604765,876,c.1022C>T
11,2604767,877,c.1024C>T
11,2604771,879,c.1028C>T
11,2606461,889,c.1052T>C
11,2606470,891,c.1061A>G
11,2606488,895,c.1079G>T
11,2606494,897,c.1085A>G
11,2606502,899,c.1093A>C
11,2606506,901,c.1097G>A
11,2606505,902,c.1096C>T
11,2606530,907,c.1121T>A
11,2608806,908,c.1135T>G
11,2608824,913,c.1153G>A
11,2608836,914,c.1165T>C
11,2608860,920,c.1189C>T
11,2608864,921,c.1193A>G
11,2610029,927,c.1338C>G
11,2610034,928,c.1343C>T
11,2610042,931,c.1351C>T
11,2610069,935,c.1378G>A
11,2683227,936,c.1430C>T
11,2790090,939,c.1531C>T
11,2790112,944,c.1553G>A
11,2790118,947,c.1559T>G
11,2790124,948,c.1565A>C
11,2790130,949,c.1571T>G
11,2790132,950,c.1573G>A
11,2790133,951,c.1574C>T
11,2797196,953,c.1597C>T
11,2797215,954,c.1616G>A
11,2797214,955,c.1615C>T
11,2797220,956,c.1621G>A
11,2797226,957,c.1627G>A
11,2797236,958,c.1637C>T
11,2797239,959,c.1640A>G
11,2797262,962,c.1663C>T
11,2797263,963,c.1664G>A
11,2797262,964,c.1663C>A
11,2797268,965,c.1669A>G
11,2798227,967,c.1697C>T
11,2798226,968,c.1696T>C
11,2798227,969,c.1697C>A
11,2798230,971,c.1700T>C
11,2798232,973,c.1702G>A
11,2798235,974,c.1705A>G
11,2798242,975,c.1712C>T
11,2799233,982,c.1760C>T
11,2799239,983,c.1766G>A
11,2799244,985,c.1771C>T
11,2799245,986,c.1772G>A
11,2799254,987,c.1781G>C
11,2799254,988,c.1781G>A
11,2799259,989,c.1786G>A
11,2869001,991,c.1799C>T
11,2869033,993,c.1831G>A
11,2869078,997,c.1876G>A
11,2869105,999,c.1903G>A
3,38674746,1008,c.53G>A
3,38674719,1010,c.80G>A
3,38674710,1011,c.89A>G
3,38674671,1015,c.128G>A
3,38674657,1016,c.142G>A
3,38674645,1017,c.154C>T
3,38674641,1018,c.158G>A
3,38671884,1024,c.310C>G
3,38671851,1029,c.343A>G
3,38671821,1033,c.373G>C
3,38655302,1051,c.635T>C
3,38655272,1055,c.665G>A
3,38655264,1058,c.673C>T
3,38651441,1064,c.718G>A
3,38651420,1066,c.739G>C
3,38651334,1068,c.825C>A
3,38651294,1076,c.865G>A
3,38648282,1091,c.1018C>T
3,38648201,1096,c.1099C>T
3,38648191,1100,c.1109C>T
3,38647590,1108,c.1190T>C
3,38647562,1111,c.1218C>G
3,38647555,1113,c.1225C>G
3,38647549,1114,c.1231G>A
3,38646353,1125,c.1385A>C
3,38645505,1136,c.1588T>G
3,38645489,1138,c.1604G>A
3,38645388,1148,c.1705C>T
3,38645381,1149,c.1712G>T
3,38645379,1153,c.1714G>T
3,38645378,1154,c.1715C>T
3,38645249,1161,c.1844G>A
3,38640472,1172,c.1960G>A
3,38640414,1177,c.2018T>C
3,38639417,1181,c.2065C>T
3,38639380,1185,c.2102C>T
3,38639290,1189,c.2192C>T
3,38639233,1194,c.2249A>G
3,38629013,1199,c.2314G>A
3,38627522,1206,c.2447T>A
3,38627427,1212,c.2542A>T
3,38622772,1231,c.2878C>A
3,38622756,1234,c.2894G>T
3,38622708,1238,c.2942G>T
3,38622661,1241,c.2989G>T
3,38622640,1243,c.3010T>C
3,38622493,1249,c.3157G>A
3,38622444,1251,c.3206C>T
3,38620916,1258,c.3299C>T
3,38620875,1264,c.3340G>A
3,38618167,1269,c.3496G>A
3,38616858,1276,c.3596A>C
3,38604022,1299,c.3847C>A
3,38603958,1304,c.3911C>T
3,38601909,1309,c.3974A>G
3,38601907,1310,c.3976G>T
3,38601883,1316,c.4000A>G
3,38601871,1317,c.4012C>G
3,38598725,1346,c.4296G>C
3,38597954,1357,c.4415A>G
3,38597951,1358,c.4418T>G
3,38597247,1360,c.4442G>A
3,38597230,1362,c.4459A>C
3,38597226,1363,c.4463C>G
3,38597222,1364,c.4467G>T
3,38597211,1365,c.4478A>G
3,38597205,1367,c.4484A>C
3,38597197,1369,c.4492A>G
3,38597188,1371,c.4501C>G
3,38597174,1373,c.4515G>T
3,38595989,1378,c.4594G>A
3,38595903,1381,c.4680G>C
3,38595804,1388,c.4779C>G
3,38595802,1389,c.4781T>C
3,38595797,1392,c.4786T>A
3,38592995,1399,c.4868G>T
3,38592995,1400,c.4868G>A
3,38592986,1401,c.4877G>A
3,38592933,1408,c.4930C>T
3,38592915,1412,c.4948C>T
3,38592908,1414,c.4955T>C
3,38592695,1429,c.5168C>A
3,38592648,1433,c.5215C>T
3,38592582,1440,c.5281C>T
3,38592581,1441,c.5282T>A
3,38592576,1442,c.5287G>A
3,38592534,1450,c.5329G>A
3,38592527,1451,c.5336C>T
3,38592513,1452,c.5350G>A
3,38592479,1458,c.5384A>G
3,38592386,1465,c.5477G>A
3,38592347,1469,c.5516A>G
3,38592174,1475,c.5689C>T
3,38592162,1477,c.5701G>C
3,38591934,1494,c.5929T>A
3,38591853,1500,c.6010T>G
3,38591829,1505,c.6034C>T
11,2606457,8519,c.1048G>A
3,38640517,8533,c.1915G>A
11,2591882,8515,c.502G>A
11,2591882,724,c.502G>C
11,2594211,8517,c.916G>A
11,2604774,883,c.1031C>T
7,150648694,434,c.1787C>T
11,2594211,834,c.916G>C
